season_start,season_end,match_date,match_status,home_team,away_team,home_score,away_score,match_result,match_result_num
2022-08-05,2023-05-28,2022-08-05 19:00:00+00:00,FINISHED,Crystal Palace FC,Arsenal FC,0,2,Away Win,2
2022-08-05,2023-05-28,2022-08-06 11:30:00+00:00,FINISHED,Fulham FC,Liverpool FC,2,2,Draw,1
2022-08-05,2023-05-28,2022-08-06 14:00:00+00:00,FINISHED,Tottenham Hotspur FC,Southampton FC,4,1,Home Win,0
2022-08-05,2023-05-28,2022-08-06 14:00:00+00:00,FINISHED,Newcastle United FC,Nottingham Forest FC,2,0,Home Win,0
2022-08-05,2023-05-28,2022-08-06 14:00:00+00:00,FINISHED,Leeds United FC,Wolverhampton Wanderers FC,2,1,Home Win,0
2022-08-05,2023-05-28,2022-08-06 14:00:00+00:00,FINISHED,AFC Bournemouth,Aston Villa FC,2,0,Home Win,0
2022-08-05,2023-05-28,2022-08-06 16:30:00+00:00,FINISHED,Everton FC,Chelsea FC,0,1,Away Win,2
2022-08-05,2023-05-28,2022-08-07 13:00:00+00:00,FINISHED,Manchester United FC,Brighton & Hove Albion FC,1,2,Away Win,2
2022-08-05,2023-05-28,2022-08-07 13:00:00+00:00,FINISHED,Leicester City FC,Brentford FC,2,2,Draw,1
2022-08-05,2023-05-28,2022-08-07 15:30:00+00:00,FINISHED,West Ham United FC,Manchester City FC,0,2,Away Win,2
2022-08-05,2023-05-28,2022-08-13 11:30:00+00:00,FINISHED,Aston Villa FC,Everton FC,2,1,Home Win,0
2022-08-05,2023-05-28,2022-08-13 14:00:00+00:00,FINISHED,Wolverhampton Wanderers FC,Fulham FC,0,0,Draw,1
2022-08-05,2023-05-28,2022-08-13 14:00:00+00:00,FINISHED,Southampton FC,Leeds United FC,2,2,Draw,1
2022-08-05,2023-05-28,2022-08-13 14:00:00+00:00,FINISHED,Manchester City FC,AFC Bournemouth,4,0,Home Win,0
2022-08-05,2023-05-28,2022-08-13 14:00:00+00:00,FINISHED,Brighton & Hove Albion FC,Newcastle United FC,0,0,Draw,1
2022-08-05,2023-05-28,2022-08-13 14:00:00+00:00,FINISHED,Arsenal FC,Leicester City FC,4,2,Home Win,0
2022-08-05,2023-05-28,2022-08-13 16:30:00+00:00,FINISHED,Brentford FC,Manchester United FC,4,0,Home Win,0
2022-08-05,2023-05-28,2022-08-14 13:00:00+00:00,FINISHED,Nottingham Forest FC,West Ham United FC,1,0,Home Win,0
2022-08-05,2023-05-28,2022-08-14 15:30:00+00:00,FINISHED,Chelsea FC,Tottenham Hotspur FC,2,2,Draw,1
2022-08-05,2023-05-28,2022-08-15 19:00:00+00:00,FINISHED,Liverpool FC,Crystal Palace FC,1,1,Draw,1
2022-08-05,2023-05-28,2022-08-20 11:30:00+00:00,FINISHED,Tottenham Hotspur FC,Wolverhampton Wanderers FC,1,0,Home Win,0
2022-08-05,2023-05-28,2022-08-20 14:00:00+00:00,FINISHED,Leicester City FC,Southampton FC,1,2,Away Win,2
2022-08-05,2023-05-28,2022-08-20 14:00:00+00:00,FINISHED,Fulham FC,Brentford FC,3,2,Home Win,0
2022-08-05,2023-05-28,2022-08-20 14:00:00+00:00,FINISHED,Everton FC,Nottingham Forest FC,1,1,Draw,1
2022-08-05,2023-05-28,2022-08-20 14:00:00+00:00,FINISHED,Crystal Palace FC,Aston Villa FC,3,1,Home Win,0
2022-08-05,2023-05-28,2022-08-20 16:30:00+00:00,FINISHED,AFC Bournemouth,Arsenal FC,0,3,Away Win,2
2022-08-05,2023-05-28,2022-08-21 13:00:00+00:00,FINISHED,West Ham United FC,Brighton & Hove Albion FC,0,2,Away Win,2
2022-08-05,2023-05-28,2022-08-21 13:00:00+00:00,FINISHED,Leeds United FC,Chelsea FC,3,0,Home Win,0
2022-08-05,2023-05-28,2022-08-21 15:30:00+00:00,FINISHED,Newcastle United FC,Manchester City FC,3,3,Draw,1
2022-08-05,2023-05-28,2022-08-22 19:00:00+00:00,FINISHED,Manchester United FC,Liverpool FC,2,1,Home Win,0
2022-08-05,2023-05-28,2022-08-27 11:30:00+00:00,FINISHED,Southampton FC,Manchester United FC,0,1,Away Win,2
2022-08-05,2023-05-28,2022-08-27 14:00:00+00:00,FINISHED,Manchester City FC,Crystal Palace FC,4,2,Home Win,0
2022-08-05,2023-05-28,2022-08-27 14:00:00+00:00,FINISHED,Liverpool FC,AFC Bournemouth,9,0,Home Win,0
2022-08-05,2023-05-28,2022-08-27 14:00:00+00:00,FINISHED,Chelsea FC,Leicester City FC,2,1,Home Win,0
2022-08-05,2023-05-28,2022-08-27 14:00:00+00:00,FINISHED,Brighton & Hove Albion FC,Leeds United FC,1,0,Home Win,0
2022-08-05,2023-05-28,2022-08-27 14:00:00+00:00,FINISHED,Brentford FC,Everton FC,1,1,Draw,1
2022-08-05,2023-05-28,2022-08-27 16:30:00+00:00,FINISHED,Arsenal FC,Fulham FC,2,1,Home Win,0
2022-08-05,2023-05-28,2022-08-28 13:00:00+00:00,FINISHED,Wolverhampton Wanderers FC,Newcastle United FC,1,1,Draw,1
2022-08-05,2023-05-28,2022-08-28 13:00:00+00:00,FINISHED,Aston Villa FC,West Ham United FC,0,1,Away Win,2
2022-08-05,2023-05-28,2022-08-28 15:30:00+00:00,FINISHED,Nottingham Forest FC,Tottenham Hotspur FC,0,2,Away Win,2
2022-08-05,2023-05-28,2022-08-30 18:30:00+00:00,FINISHED,Crystal Palace FC,Brentford FC,1,1,Draw,1
2022-08-05,2023-05-28,2022-08-30 18:30:00+00:00,FINISHED,Fulham FC,Brighton & Hove Albion FC,2,1,Home Win,0
2022-08-05,2023-05-28,2022-08-30 18:45:00+00:00,FINISHED,Southampton FC,Chelsea FC,2,1,Home Win,0
2022-08-05,2023-05-28,2022-08-30 19:00:00+00:00,FINISHED,Leeds United FC,Everton FC,1,1,Draw,1
2022-08-05,2023-05-28,2022-08-31 18:30:00+00:00,FINISHED,Manchester City FC,Nottingham Forest FC,6,0,Home Win,0
2022-08-05,2023-05-28,2022-08-31 18:30:00+00:00,FINISHED,AFC Bournemouth,Wolverhampton Wanderers FC,0,0,Draw,1
2022-08-05,2023-05-28,2022-08-31 18:30:00+00:00,FINISHED,Arsenal FC,Aston Villa FC,2,1,Home Win,0
2022-08-05,2023-05-28,2022-08-31 18:45:00+00:00,FINISHED,West Ham United FC,Tottenham Hotspur FC,1,1,Draw,1
2022-08-05,2023-05-28,2022-08-31 19:00:00+00:00,FINISHED,Liverpool FC,Newcastle United FC,2,1,Home Win,0
2022-08-05,2023-05-28,2022-09-01 19:00:00+00:00,FINISHED,Leicester City FC,Manchester United FC,0,1,Away Win,2
2022-08-05,2023-05-28,2022-09-03 11:30:00+00:00,FINISHED,Everton FC,Liverpool FC,0,0,Draw,1
2022-08-05,2023-05-28,2022-09-03 14:00:00+00:00,FINISHED,Wolverhampton Wanderers FC,Southampton FC,1,0,Home Win,0
2022-08-05,2023-05-28,2022-09-03 14:00:00+00:00,FINISHED,Tottenham Hotspur FC,Fulham FC,2,1,Home Win,0
2022-08-05,2023-05-28,2022-09-03 14:00:00+00:00,FINISHED,Nottingham Forest FC,AFC Bournemouth,2,3,Away Win,2
2022-08-05,2023-05-28,2022-09-03 14:00:00+00:00,FINISHED,Newcastle United FC,Crystal Palace FC,0,0,Draw,1
2022-08-05,2023-05-28,2022-09-03 14:00:00+00:00,FINISHED,Chelsea FC,West Ham United FC,2,1,Home Win,0
2022-08-05,2023-05-28,2022-09-03 14:00:00+00:00,FINISHED,Brentford FC,Leeds United FC,5,2,Home Win,0
2022-08-05,2023-05-28,2022-09-03 16:30:00+00:00,FINISHED,Aston Villa FC,Manchester City FC,1,1,Draw,1
2022-08-05,2023-05-28,2022-09-04 13:00:00+00:00,FINISHED,Brighton & Hove Albion FC,Leicester City FC,5,2,Home Win,0
2022-08-05,2023-05-28,2022-09-04 15:30:00+00:00,FINISHED,Manchester United FC,Arsenal FC,3,1,Home Win,0
2022-08-05,2023-05-28,2022-09-16 19:00:00+00:00,FINISHED,Nottingham Forest FC,Fulham FC,2,3,Away Win,2
2022-08-05,2023-05-28,2022-09-16 19:00:00+00:00,FINISHED,Aston Villa FC,Southampton FC,1,0,Home Win,0
2022-08-05,2023-05-28,2022-09-17 11:30:00+00:00,FINISHED,Wolverhampton Wanderers FC,Manchester City FC,0,3,Away Win,2
2022-08-05,2023-05-28,2022-09-17 14:00:00+00:00,FINISHED,Newcastle United FC,AFC Bournemouth,1,1,Draw,1
2022-08-05,2023-05-28,2022-09-17 16:30:00+00:00,FINISHED,Tottenham Hotspur FC,Leicester City FC,6,2,Home Win,0
2022-08-05,2023-05-28,2022-09-18 11:00:00+00:00,FINISHED,Brentford FC,Arsenal FC,0,3,Away Win,2
2022-08-05,2023-05-28,2022-09-18 13:15:00+00:00,FINISHED,Everton FC,West Ham United FC,1,0,Home Win,0
2022-08-05,2023-05-28,2022-10-01 11:30:00+00:00,FINISHED,Arsenal FC,Tottenham Hotspur FC,3,1,Home Win,0
2022-08-05,2023-05-28,2022-10-01 14:00:00+00:00,FINISHED,Southampton FC,Everton FC,1,2,Away Win,2
2022-08-05,2023-05-28,2022-10-01 14:00:00+00:00,FINISHED,Liverpool FC,Brighton & Hove Albion FC,3,3,Draw,1
2022-08-05,2023-05-28,2022-10-01 14:00:00+00:00,FINISHED,Fulham FC,Newcastle United FC,1,4,Away Win,2
2022-08-05,2023-05-28,2022-10-01 14:00:00+00:00,FINISHED,Crystal Palace FC,Chelsea FC,1,2,Away Win,2
2022-08-05,2023-05-28,2022-10-01 14:00:00+00:00,FINISHED,AFC Bournemouth,Brentford FC,0,0,Draw,1
2022-08-05,2023-05-28,2022-10-01 16:30:00+00:00,FINISHED,West Ham United FC,Wolverhampton Wanderers FC,2,0,Home Win,0
2022-08-05,2023-05-28,2022-10-02 13:00:00+00:00,FINISHED,Manchester City FC,Manchester United FC,6,3,Home Win,0
2022-08-05,2023-05-28,2022-10-02 15:30:00+00:00,FINISHED,Leeds United FC,Aston Villa FC,0,0,Draw,1
2022-08-05,2023-05-28,2022-10-03 19:00:00+00:00,FINISHED,Leicester City FC,Nottingham Forest FC,4,0,Home Win,0
2022-08-05,2023-05-28,2022-10-08 14:00:00+00:00,FINISHED,Newcastle United FC,Brentford FC,5,1,Home Win,0
2022-08-05,2023-05-28,2022-10-08 14:00:00+00:00,FINISHED,Manchester City FC,Southampton FC,4,0,Home Win,0
2022-08-05,2023-05-28,2022-10-08 14:00:00+00:00,FINISHED,Chelsea FC,Wolverhampton Wanderers FC,3,0,Home Win,0
2022-08-05,2023-05-28,2022-10-08 14:00:00+00:00,FINISHED,AFC Bournemouth,Leicester City FC,2,1,Home Win,0
2022-08-05,2023-05-28,2022-10-08 16:30:00+00:00,FINISHED,Brighton & Hove Albion FC,Tottenham Hotspur FC,0,1,Away Win,2
2022-08-05,2023-05-28,2022-10-09 13:00:00+00:00,FINISHED,West Ham United FC,Fulham FC,3,1,Home Win,0
2022-08-05,2023-05-28,2022-10-09 13:00:00+00:00,FINISHED,Crystal Palace FC,Leeds United FC,2,1,Home Win,0
2022-08-05,2023-05-28,2022-10-09 15:30:00+00:00,FINISHED,Arsenal FC,Liverpool FC,3,2,Home Win,0
2022-08-05,2023-05-28,2022-10-09 18:00:00+00:00,FINISHED,Everton FC,Manchester United FC,1,2,Away Win,2
2022-08-05,2023-05-28,2022-10-10 19:00:00+00:00,FINISHED,Nottingham Forest FC,Aston Villa FC,1,1,Draw,1
2022-08-05,2023-05-28,2022-10-14 19:00:00+00:00,FINISHED,Brentford FC,Brighton & Hove Albion FC,2,0,Home Win,0
2022-08-05,2023-05-28,2022-10-15 11:30:00+00:00,FINISHED,Leicester City FC,Crystal Palace FC,0,0,Draw,1
2022-08-05,2023-05-28,2022-10-15 14:00:00+00:00,FINISHED,Wolverhampton Wanderers FC,Nottingham Forest FC,1,0,Home Win,0
2022-08-05,2023-05-28,2022-10-15 14:00:00+00:00,FINISHED,Fulham FC,AFC Bournemouth,2,2,Draw,1
2022-08-05,2023-05-28,2022-10-15 16:30:00+00:00,FINISHED,Tottenham Hotspur FC,Everton FC,2,0,Home Win,0
2022-08-05,2023-05-28,2022-10-16 13:00:00+00:00,FINISHED,Southampton FC,West Ham United FC,1,1,Draw,1
2022-08-05,2023-05-28,2022-10-16 13:00:00+00:00,FINISHED,Manchester United FC,Newcastle United FC,0,0,Draw,1
2022-08-05,2023-05-28,2022-10-16 13:00:00+00:00,FINISHED,Leeds United FC,Arsenal FC,0,1,Away Win,2
2022-08-05,2023-05-28,2022-10-16 13:00:00+00:00,FINISHED,Aston Villa FC,Chelsea FC,0,2,Away Win,2
2022-08-05,2023-05-28,2022-10-16 15:30:00+00:00,FINISHED,Liverpool FC,Manchester City FC,1,0,Home Win,0
2022-08-05,2023-05-28,2022-10-18 18:30:00+00:00,FINISHED,Brighton & Hove Albion FC,Nottingham Forest FC,0,0,Draw,1
2022-08-05,2023-05-28,2022-10-18 19:15:00+00:00,FINISHED,Crystal Palace FC,Wolverhampton Wanderers FC,2,1,Home Win,0
2022-08-05,2023-05-28,2022-10-19 18:30:00+00:00,FINISHED,Liverpool FC,West Ham United FC,1,0,Home Win,0
2022-08-05,2023-05-28,2022-10-19 18:30:00+00:00,FINISHED,Newcastle United FC,Everton FC,1,0,Home Win,0
2022-08-05,2023-05-28,2022-10-19 18:30:00+00:00,FINISHED,Brentford FC,Chelsea FC,0,0,Draw,1
2022-08-05,2023-05-28,2022-10-19 18:30:00+00:00,FINISHED,AFC Bournemouth,Southampton FC,0,1,Away Win,2
2022-08-05,2023-05-28,2022-10-19 19:15:00+00:00,FINISHED,Manchester United FC,Tottenham Hotspur FC,2,0,Home Win,0
2022-08-05,2023-05-28,2022-10-20 18:30:00+00:00,FINISHED,Fulham FC,Aston Villa FC,3,0,Home Win,0
2022-08-05,2023-05-28,2022-10-20 19:15:00+00:00,FINISHED,Leicester City FC,Leeds United FC,2,0,Home Win,0
2022-08-05,2023-05-28,2022-10-22 11:30:00+00:00,FINISHED,Nottingham Forest FC,Liverpool FC,1,0,Home Win,0
2022-08-05,2023-05-28,2022-10-22 14:00:00+00:00,FINISHED,Manchester City FC,Brighton & Hove Albion FC,3,1,Home Win,0
2022-08-05,2023-05-28,2022-10-22 14:00:00+00:00,FINISHED,Everton FC,Crystal Palace FC,3,0,Home Win,0
2022-08-05,2023-05-28,2022-10-22 16:30:00+00:00,FINISHED,Chelsea FC,Manchester United FC,1,1,Draw,1
2022-08-05,2023-05-28,2022-10-23 13:00:00+00:00,FINISHED,Southampton FC,Arsenal FC,1,1,Draw,1
2022-08-05,2023-05-28,2022-10-23 13:00:00+00:00,FINISHED,Leeds United FC,Fulham FC,2,3,Away Win,2
2022-08-05,2023-05-28,2022-10-23 13:00:00+00:00,FINISHED,Aston Villa FC,Brentford FC,4,0,Home Win,0
2022-08-05,2023-05-28,2022-10-23 13:00:00+00:00,FINISHED,Wolverhampton Wanderers FC,Leicester City FC,0,4,Away Win,2
2022-08-05,2023-05-28,2022-10-23 15:30:00+00:00,FINISHED,Tottenham Hotspur FC,Newcastle United FC,1,2,Away Win,2
2022-08-05,2023-05-28,2022-10-24 19:00:00+00:00,FINISHED,West Ham United FC,AFC Bournemouth,2,0,Home Win,0
2022-08-05,2023-05-28,2022-10-29 11:30:00+00:00,FINISHED,Leicester City FC,Manchester City FC,0,1,Away Win,2
2022-08-05,2023-05-28,2022-10-29 14:00:00+00:00,FINISHED,Newcastle United FC,Aston Villa FC,4,0,Home Win,0
2022-08-05,2023-05-28,2022-10-29 14:00:00+00:00,FINISHED,Crystal Palace FC,Southampton FC,1,0,Home Win,0
2022-08-05,2023-05-28,2022-10-29 14:00:00+00:00,FINISHED,Brighton & Hove Albion FC,Chelsea FC,4,1,Home Win,0
2022-08-05,2023-05-28,2022-10-29 14:00:00+00:00,FINISHED,Brentford FC,Wolverhampton Wanderers FC,1,1,Draw,1
2022-08-05,2023-05-28,2022-10-29 14:00:00+00:00,FINISHED,AFC Bournemouth,Tottenham Hotspur FC,2,3,Away Win,2
2022-08-05,2023-05-28,2022-10-29 16:30:00+00:00,FINISHED,Fulham FC,Everton FC,0,0,Draw,1
2022-08-05,2023-05-28,2022-10-29 18:45:00+00:00,FINISHED,Liverpool FC,Leeds United FC,1,2,Away Win,2
2022-08-05,2023-05-28,2022-10-30 14:00:00+00:00,FINISHED,Arsenal FC,Nottingham Forest FC,5,0,Home Win,0
2022-08-05,2023-05-28,2022-10-30 16:15:00+00:00,FINISHED,Manchester United FC,West Ham United FC,1,0,Home Win,0
2022-08-05,2023-05-28,2022-11-05 15:00:00+00:00,FINISHED,Wolverhampton Wanderers FC,Brighton & Hove Albion FC,2,3,Away Win,2
2022-08-05,2023-05-28,2022-11-05 15:00:00+00:00,FINISHED,Nottingham Forest FC,Brentford FC,2,2,Draw,1
2022-08-05,2023-05-28,2022-11-05 15:00:00+00:00,FINISHED,Manchester City FC,Fulham FC,2,1,Home Win,0
2022-08-05,2023-05-28,2022-11-05 15:00:00+00:00,FINISHED,Leeds United FC,AFC Bournemouth,4,3,Home Win,0
2022-08-05,2023-05-28,2022-11-05 17:30:00+00:00,FINISHED,Everton FC,Leicester City FC,0,2,Away Win,2
2022-08-05,2023-05-28,2022-11-06 12:00:00+00:00,FINISHED,Chelsea FC,Arsenal FC,0,1,Away Win,2
2022-08-05,2023-05-28,2022-11-06 14:00:00+00:00,FINISHED,West Ham United FC,Crystal Palace FC,1,2,Away Win,2
2022-08-05,2023-05-28,2022-11-06 14:00:00+00:00,FINISHED,Southampton FC,Newcastle United FC,1,4,Away Win,2
2022-08-05,2023-05-28,2022-11-06 14:00:00+00:00,FINISHED,Aston Villa FC,Manchester United FC,3,1,Home Win,0
2022-08-05,2023-05-28,2022-11-06 16:30:00+00:00,FINISHED,Tottenham Hotspur FC,Liverpool FC,1,2,Away Win,2
2022-08-05,2023-05-28,2022-11-12 12:30:00+00:00,FINISHED,Manchester City FC,Brentford FC,1,2,Away Win,2
2022-08-05,2023-05-28,2022-11-12 15:00:00+00:00,FINISHED,West Ham United FC,Leicester City FC,0,2,Away Win,2
2022-08-05,2023-05-28,2022-11-12 15:00:00+00:00,FINISHED,Tottenham Hotspur FC,Leeds United FC,4,3,Home Win,0
2022-08-05,2023-05-28,2022-11-12 15:00:00+00:00,FINISHED,Nottingham Forest FC,Crystal Palace FC,1,0,Home Win,0
2022-08-05,2023-05-28,2022-11-12 15:00:00+00:00,FINISHED,Liverpool FC,Southampton FC,3,1,Home Win,0
2022-08-05,2023-05-28,2022-11-12 15:00:00+00:00,FINISHED,AFC Bournemouth,Everton FC,3,0,Home Win,0
2022-08-05,2023-05-28,2022-11-12 17:30:00+00:00,FINISHED,Newcastle United FC,Chelsea FC,1,0,Home Win,0
2022-08-05,2023-05-28,2022-11-12 19:45:00+00:00,FINISHED,Wolverhampton Wanderers FC,Arsenal FC,0,2,Away Win,2
2022-08-05,2023-05-28,2022-11-13 14:00:00+00:00,FINISHED,Brighton & Hove Albion FC,Aston Villa FC,1,2,Away Win,2
2022-08-05,2023-05-28,2022-11-13 16:30:00+00:00,FINISHED,Fulham FC,Manchester United FC,1,2,Away Win,2
2022-08-05,2023-05-28,2022-12-26 12:30:00+00:00,FINISHED,Brentford FC,Tottenham Hotspur FC,2,2,Draw,1
2022-08-05,2023-05-28,2022-12-26 15:00:00+00:00,FINISHED,Southampton FC,Brighton & Hove Albion FC,1,3,Away Win,2
2022-08-05,2023-05-28,2022-12-26 15:00:00+00:00,FINISHED,Leicester City FC,Newcastle United FC,0,3,Away Win,2
2022-08-05,2023-05-28,2022-12-26 15:00:00+00:00,FINISHED,Everton FC,Wolverhampton Wanderers FC,1,2,Away Win,2
2022-08-05,2023-05-28,2022-12-26 15:00:00+00:00,FINISHED,Crystal Palace FC,Fulham FC,0,3,Away Win,2
2022-08-05,2023-05-28,2022-12-26 17:30:00+00:00,FINISHED,Aston Villa FC,Liverpool FC,1,3,Away Win,2
2022-08-05,2023-05-28,2022-12-26 20:00:00+00:00,FINISHED,Arsenal FC,West Ham United FC,3,1,Home Win,0
2022-08-05,2023-05-28,2022-12-27 17:30:00+00:00,FINISHED,Chelsea FC,AFC Bournemouth,2,0,Home Win,0
2022-08-05,2023-05-28,2022-12-27 20:00:00+00:00,FINISHED,Manchester United FC,Nottingham Forest FC,3,0,Home Win,0
2022-08-05,2023-05-28,2022-12-28 20:00:00+00:00,FINISHED,Leeds United FC,Manchester City FC,1,3,Away Win,2
2022-08-05,2023-05-28,2022-12-30 19:45:00+00:00,FINISHED,West Ham United FC,Brentford FC,0,2,Away Win,2
2022-08-05,2023-05-28,2022-12-30 20:00:00+00:00,FINISHED,Liverpool FC,Leicester City FC,2,1,Home Win,0
2022-08-05,2023-05-28,2022-12-31 12:30:00+00:00,FINISHED,Wolverhampton Wanderers FC,Manchester United FC,0,1,Away Win,2
2022-08-05,2023-05-28,2022-12-31 15:00:00+00:00,FINISHED,Newcastle United FC,Leeds United FC,0,0,Draw,1
2022-08-05,2023-05-28,2022-12-31 15:00:00+00:00,FINISHED,Manchester City FC,Everton FC,1,1,Draw,1
2022-08-05,2023-05-28,2022-12-31 15:00:00+00:00,FINISHED,Fulham FC,Southampton FC,2,1,Home Win,0
2022-08-05,2023-05-28,2022-12-31 15:00:00+00:00,FINISHED,AFC Bournemouth,Crystal Palace FC,0,2,Away Win,2
2022-08-05,2023-05-28,2022-12-31 17:30:00+00:00,FINISHED,Brighton & Hove Albion FC,Arsenal FC,2,4,Away Win,2
2022-08-05,2023-05-28,2023-01-01 14:00:00+00:00,FINISHED,Tottenham Hotspur FC,Aston Villa FC,0,2,Away Win,2
2022-08-05,2023-05-28,2023-01-01 16:30:00+00:00,FINISHED,Nottingham Forest FC,Chelsea FC,1,1,Draw,1
2022-08-05,2023-05-28,2023-01-02 17:30:00+00:00,FINISHED,Brentford FC,Liverpool FC,3,1,Home Win,0
2022-08-05,2023-05-28,2023-01-03 19:45:00+00:00,FINISHED,Leicester City FC,Fulham FC,0,1,Away Win,2
2022-08-05,2023-05-28,2023-01-03 19:45:00+00:00,FINISHED,Everton FC,Brighton & Hove Albion FC,1,4,Away Win,2
2022-08-05,2023-05-28,2023-01-03 19:45:00+00:00,FINISHED,Arsenal FC,Newcastle United FC,0,0,Draw,1
2022-08-05,2023-05-28,2023-01-03 20:00:00+00:00,FINISHED,Manchester United FC,AFC Bournemouth,3,0,Home Win,0
2022-08-05,2023-05-28,2023-01-04 19:30:00+00:00,FINISHED,Southampton FC,Nottingham Forest FC,0,1,Away Win,2
2022-08-05,2023-05-28,2023-01-04 19:45:00+00:00,FINISHED,Leeds United FC,West Ham United FC,2,2,Draw,1
2022-08-05,2023-05-28,2023-01-04 20:00:00+00:00,FINISHED,Crystal Palace FC,Tottenham Hotspur FC,0,4,Away Win,2
2022-08-05,2023-05-28,2023-01-04 20:00:00+00:00,FINISHED,Aston Villa FC,Wolverhampton Wanderers FC,1,1,Draw,1
2022-08-05,2023-05-28,2023-01-05 20:00:00+00:00,FINISHED,Chelsea FC,Manchester City FC,0,1,Away Win,2
2022-08-05,2023-05-28,2023-01-12 20:00:00+00:00,FINISHED,Fulham FC,Chelsea FC,2,1,Home Win,0
2022-08-05,2023-05-28,2023-01-13 20:00:00+00:00,FINISHED,Aston Villa FC,Leeds United FC,2,1,Home Win,0
2022-08-05,2023-05-28,2023-01-14 12:30:00+00:00,FINISHED,Manchester United FC,Manchester City FC,2,1,Home Win,0
2022-08-05,2023-05-28,2023-01-14 15:00:00+00:00,FINISHED,Wolverhampton Wanderers FC,West Ham United FC,1,0,Home Win,0
2022-08-05,2023-05-28,2023-01-14 15:00:00+00:00,FINISHED,Nottingham Forest FC,Leicester City FC,2,0,Home Win,0
2022-08-05,2023-05-28,2023-01-14 15:00:00+00:00,FINISHED,Everton FC,Southampton FC,1,2,Away Win,2
2022-08-05,2023-05-28,2023-01-14 15:00:00+00:00,FINISHED,Brighton & Hove Albion FC,Liverpool FC,3,0,Home Win,0
2022-08-05,2023-05-28,2023-01-14 17:30:00+00:00,FINISHED,Brentford FC,AFC Bournemouth,2,0,Home Win,0
2022-08-05,2023-05-28,2023-01-15 14:00:00+00:00,FINISHED,Newcastle United FC,Fulham FC,1,0,Home Win,0
2022-08-05,2023-05-28,2023-01-15 14:00:00+00:00,FINISHED,Chelsea FC,Crystal Palace FC,1,0,Home Win,0
2022-08-05,2023-05-28,2023-01-15 16:30:00+00:00,FINISHED,Tottenham Hotspur FC,Arsenal FC,0,2,Away Win,2
2022-08-05,2023-05-28,2023-01-18 20:00:00+00:00,FINISHED,Crystal Palace FC,Manchester United FC,1,1,Draw,1
2022-08-05,2023-05-28,2023-01-19 20:00:00+00:00,FINISHED,Manchester City FC,Tottenham Hotspur FC,4,2,Home Win,0
2022-08-05,2023-05-28,2023-01-21 12:30:00+00:00,FINISHED,Liverpool FC,Chelsea FC,0,0,Draw,1
2022-08-05,2023-05-28,2023-01-21 15:00:00+00:00,FINISHED,West Ham United FC,Everton FC,2,0,Home Win,0
2022-08-05,2023-05-28,2023-01-21 15:00:00+00:00,FINISHED,Southampton FC,Aston Villa FC,0,1,Away Win,2
2022-08-05,2023-05-28,2023-01-21 15:00:00+00:00,FINISHED,Leicester City FC,Brighton & Hove Albion FC,2,2,Draw,1
2022-08-05,2023-05-28,2023-01-21 15:00:00+00:00,FINISHED,AFC Bournemouth,Nottingham Forest FC,1,1,Draw,1
2022-08-05,2023-05-28,2023-01-21 17:30:00+00:00,FINISHED,Crystal Palace FC,Newcastle United FC,0,0,Draw,1
2022-08-05,2023-05-28,2023-01-22 14:00:00+00:00,FINISHED,Manchester City FC,Wolverhampton Wanderers FC,3,0,Home Win,0
2022-08-05,2023-05-28,2023-01-22 14:00:00+00:00,FINISHED,Leeds United FC,Brentford FC,0,0,Draw,1
2022-08-05,2023-05-28,2023-01-22 16:30:00+00:00,FINISHED,Arsenal FC,Manchester United FC,3,2,Home Win,0
2022-08-05,2023-05-28,2023-01-23 20:15:00+00:00,FINISHED,Fulham FC,Tottenham Hotspur FC,0,1,Away Win,2
2022-08-05,2023-05-28,2023-02-03 20:00:00+00:00,FINISHED,Chelsea FC,Fulham FC,0,0,Draw,1
2022-08-05,2023-05-28,2023-02-04 12:30:00+00:00,FINISHED,Everton FC,Arsenal FC,1,0,Home Win,0
2022-08-05,2023-05-28,2023-02-04 15:00:00+00:00,FINISHED,Wolverhampton Wanderers FC,Liverpool FC,3,0,Home Win,0
2022-08-05,2023-05-28,2023-02-04 15:00:00+00:00,FINISHED,Manchester United FC,Crystal Palace FC,2,1,Home Win,0
2022-08-05,2023-05-28,2023-02-04 15:00:00+00:00,FINISHED,Brighton & Hove Albion FC,AFC Bournemouth,1,0,Home Win,0
2022-08-05,2023-05-28,2023-02-04 15:00:00+00:00,FINISHED,Brentford FC,Southampton FC,3,0,Home Win,0
2022-08-05,2023-05-28,2023-02-04 15:00:00+00:00,FINISHED,Aston Villa FC,Leicester City FC,2,4,Away Win,2
2022-08-05,2023-05-28,2023-02-04 17:30:00+00:00,FINISHED,Newcastle United FC,West Ham United FC,1,1,Draw,1
2022-08-05,2023-05-28,2023-02-05 14:00:00+00:00,FINISHED,Nottingham Forest FC,Leeds United FC,1,0,Home Win,0
2022-08-05,2023-05-28,2023-02-05 16:30:00+00:00,FINISHED,Tottenham Hotspur FC,Manchester City FC,1,0,Home Win,0
2022-08-05,2023-05-28,2023-02-08 20:00:00+00:00,FINISHED,Manchester United FC,Leeds United FC,2,2,Draw,1
2022-08-05,2023-05-28,2023-02-11 12:30:00+00:00,FINISHED,West Ham United FC,Chelsea FC,1,1,Draw,1
2022-08-05,2023-05-28,2023-02-11 15:00:00+00:00,FINISHED,Southampton FC,Wolverhampton Wanderers FC,1,2,Away Win,2
2022-08-05,2023-05-28,2023-02-11 15:00:00+00:00,FINISHED,Leicester City FC,Tottenham Hotspur FC,4,1,Home Win,0
2022-08-05,2023-05-28,2023-02-11 15:00:00+00:00,FINISHED,Fulham FC,Nottingham Forest FC,2,0,Home Win,0
2022-08-05,2023-05-28,2023-02-11 15:00:00+00:00,FINISHED,Crystal Palace FC,Brighton & Hove Albion FC,1,1,Draw,1
2022-08-05,2023-05-28,2023-02-11 15:00:00+00:00,FINISHED,Arsenal FC,Brentford FC,1,1,Draw,1
2022-08-05,2023-05-28,2023-02-11 17:30:00+00:00,FINISHED,AFC Bournemouth,Newcastle United FC,1,1,Draw,1
2022-08-05,2023-05-28,2023-02-12 14:00:00+00:00,FINISHED,Leeds United FC,Manchester United FC,0,2,Away Win,2
2022-08-05,2023-05-28,2023-02-12 16:30:00+00:00,FINISHED,Manchester City FC,Aston Villa FC,3,1,Home Win,0
2022-08-05,2023-05-28,2023-02-13 20:00:00+00:00,FINISHED,Liverpool FC,Everton FC,2,0,Home Win,0
2022-08-05,2023-05-28,2023-02-15 19:30:00+00:00,FINISHED,Arsenal FC,Manchester City FC,1,3,Away Win,2
2022-08-05,2023-05-28,2023-02-18 12:30:00+00:00,FINISHED,Aston Villa FC,Arsenal FC,2,4,Away Win,2
2022-08-05,2023-05-28,2023-02-18 15:00:00+00:00,FINISHED,Wolverhampton Wanderers FC,AFC Bournemouth,0,1,Away Win,2
2022-08-05,2023-05-28,2023-02-18 15:00:00+00:00,FINISHED,Nottingham Forest FC,Manchester City FC,1,1,Draw,1
2022-08-05,2023-05-28,2023-02-18 15:00:00+00:00,FINISHED,Everton FC,Leeds United FC,1,0,Home Win,0
2022-08-05,2023-05-28,2023-02-18 15:00:00+00:00,FINISHED,Chelsea FC,Southampton FC,0,1,Away Win,2
2022-08-05,2023-05-28,2023-02-18 15:00:00+00:00,FINISHED,Brighton & Hove Albion FC,Fulham FC,0,1,Away Win,2
2022-08-05,2023-05-28,2023-02-18 15:00:00+00:00,FINISHED,Brentford FC,Crystal Palace FC,1,1,Draw,1
2022-08-05,2023-05-28,2023-02-18 17:30:00+00:00,FINISHED,Newcastle United FC,Liverpool FC,0,2,Away Win,2
2022-08-05,2023-05-28,2023-02-19 14:00:00+00:00,FINISHED,Manchester United FC,Leicester City FC,3,0,Home Win,0
2022-08-05,2023-05-28,2023-02-19 16:30:00+00:00,FINISHED,Tottenham Hotspur FC,West Ham United FC,2,0,Home Win,0
2022-08-05,2023-05-28,2023-02-24 20:00:00+00:00,FINISHED,Fulham FC,Wolverhampton Wanderers FC,1,1,Draw,1
2022-08-05,2023-05-28,2023-02-25 15:00:00+00:00,FINISHED,West Ham United FC,Nottingham Forest FC,4,0,Home Win,0
2022-08-05,2023-05-28,2023-02-25 15:00:00+00:00,FINISHED,Leicester City FC,Arsenal FC,0,1,Away Win,2
2022-08-05,2023-05-28,2023-02-25 15:00:00+00:00,FINISHED,Leeds United FC,Southampton FC,1,0,Home Win,0
2022-08-05,2023-05-28,2023-02-25 15:00:00+00:00,FINISHED,Everton FC,Aston Villa FC,0,2,Away Win,2
2022-08-05,2023-05-28,2023-02-25 17:30:00+00:00,FINISHED,AFC Bournemouth,Manchester City FC,1,4,Away Win,2
2022-08-05,2023-05-28,2023-02-25 19:45:00+00:00,FINISHED,Crystal Palace FC,Liverpool FC,0,0,Draw,1
2022-08-05,2023-05-28,2023-02-26 13:30:00+00:00,FINISHED,Tottenham Hotspur FC,Chelsea FC,2,0,Home Win,0
2022-08-05,2023-05-28,2023-03-01 19:45:00+00:00,FINISHED,Arsenal FC,Everton FC,4,0,Home Win,0
2022-08-05,2023-05-28,2023-03-01 20:00:00+00:00,FINISHED,Liverpool FC,Wolverhampton Wanderers FC,2,0,Home Win,0
2022-08-05,2023-05-28,2023-03-04 12:30:00+00:00,FINISHED,Manchester City FC,Newcastle United FC,2,0,Home Win,0
2022-08-05,2023-05-28,2023-03-04 15:00:00+00:00,FINISHED,Wolverhampton Wanderers FC,Tottenham Hotspur FC,1,0,Home Win,0
2022-08-05,2023-05-28,2023-03-04 15:00:00+00:00,FINISHED,Chelsea FC,Leeds United FC,1,0,Home Win,0
2022-08-05,2023-05-28,2023-03-04 15:00:00+00:00,FINISHED,Brighton & Hove Albion FC,West Ham United FC,4,0,Home Win,0
2022-08-05,2023-05-28,2023-03-04 15:00:00+00:00,FINISHED,Aston Villa FC,Crystal Palace FC,1,0,Home Win,0
2022-08-05,2023-05-28,2023-03-04 15:00:00+00:00,FINISHED,Arsenal FC,AFC Bournemouth,3,2,Home Win,0
2022-08-05,2023-05-28,2023-03-04 17:30:00+00:00,FINISHED,Southampton FC,Leicester City FC,1,0,Home Win,0
2022-08-05,2023-05-28,2023-03-05 14:00:00+00:00,FINISHED,Nottingham Forest FC,Everton FC,2,2,Draw,1
2022-08-05,2023-05-28,2023-03-05 16:30:00+00:00,FINISHED,Liverpool FC,Manchester United FC,7,0,Home Win,0
2022-08-05,2023-05-28,2023-03-06 20:00:00+00:00,FINISHED,Brentford FC,Fulham FC,3,2,Home Win,0
2022-08-05,2023-05-28,2023-03-11 12:30:00+00:00,FINISHED,AFC Bournemouth,Liverpool FC,1,0,Home Win,0
2022-08-05,2023-05-28,2023-03-11 15:00:00+00:00,FINISHED,Tottenham Hotspur FC,Nottingham Forest FC,3,1,Home Win,0
2022-08-05,2023-05-28,2023-03-11 15:00:00+00:00,FINISHED,Leicester City FC,Chelsea FC,1,3,Away Win,2
2022-08-05,2023-05-28,2023-03-11 15:00:00+00:00,FINISHED,Leeds United FC,Brighton & Hove Albion FC,2,2,Draw,1
2022-08-05,2023-05-28,2023-03-11 15:00:00+00:00,FINISHED,Everton FC,Brentford FC,1,0,Home Win,0
2022-08-05,2023-05-28,2023-03-11 17:30:00+00:00,FINISHED,Crystal Palace FC,Manchester City FC,0,1,Away Win,2
2022-08-05,2023-05-28,2023-03-12 14:00:00+00:00,FINISHED,West Ham United FC,Aston Villa FC,1,1,Draw,1
2022-08-05,2023-05-28,2023-03-12 14:00:00+00:00,FINISHED,Manchester United FC,Southampton FC,0,0,Draw,1
2022-08-05,2023-05-28,2023-03-12 14:00:00+00:00,FINISHED,Fulham FC,Arsenal FC,0,3,Away Win,2
2022-08-05,2023-05-28,2023-03-12 16:30:00+00:00,FINISHED,Newcastle United FC,Wolverhampton Wanderers FC,2,1,Home Win,0
2022-08-05,2023-05-28,2023-03-15 19:30:00+00:00,FINISHED,Brighton & Hove Albion FC,Crystal Palace FC,1,0,Home Win,0
2022-08-05,2023-05-28,2023-03-15 19:30:00+00:00,FINISHED,Southampton FC,Brentford FC,0,2,Away Win,2
2022-08-05,2023-05-28,2023-03-17 20:00:00+00:00,FINISHED,Nottingham Forest FC,Newcastle United FC,1,2,Away Win,2
2022-08-05,2023-05-28,2023-03-18 15:00:00+00:00,FINISHED,Wolverhampton Wanderers FC,Leeds United FC,2,4,Away Win,2
2022-08-05,2023-05-28,2023-03-18 15:00:00+00:00,FINISHED,Southampton FC,Tottenham Hotspur FC,3,3,Draw,1
2022-08-05,2023-05-28,2023-03-18 15:00:00+00:00,FINISHED,Brentford FC,Leicester City FC,1,1,Draw,1
2022-08-05,2023-05-28,2023-03-18 15:00:00+00:00,FINISHED,Aston Villa FC,AFC Bournemouth,3,0,Home Win,0
2022-08-05,2023-05-28,2023-03-18 17:30:00+00:00,FINISHED,Chelsea FC,Everton FC,2,2,Draw,1
2022-08-05,2023-05-28,2023-03-19 14:00:00+00:00,FINISHED,Arsenal FC,Crystal Palace FC,4,1,Home Win,0
2022-08-05,2023-05-28,2023-04-01 11:30:00+00:00,FINISHED,Manchester City FC,Liverpool FC,4,1,Home Win,0
2022-08-05,2023-05-28,2023-04-01 14:00:00+00:00,FINISHED,Nottingham Forest FC,Wolverhampton Wanderers FC,1,1,Draw,1
2022-08-05,2023-05-28,2023-04-01 14:00:00+00:00,FINISHED,Crystal Palace FC,Leicester City FC,2,1,Home Win,0
2022-08-05,2023-05-28,2023-04-01 14:00:00+00:00,FINISHED,Brighton & Hove Albion FC,Brentford FC,3,3,Draw,1
2022-08-05,2023-05-28,2023-04-01 14:00:00+00:00,FINISHED,AFC Bournemouth,Fulham FC,2,1,Home Win,0
2022-08-05,2023-05-28,2023-04-01 14:00:00+00:00,FINISHED,Arsenal FC,Leeds United FC,4,1,Home Win,0
2022-08-05,2023-05-28,2023-04-01 16:30:00+00:00,FINISHED,Chelsea FC,Aston Villa FC,0,2,Away Win,2
2022-08-05,2023-05-28,2023-04-02 13:00:00+00:00,FINISHED,West Ham United FC,Southampton FC,1,0,Home Win,0
2022-08-05,2023-05-28,2023-04-02 15:30:00+00:00,FINISHED,Newcastle United FC,Manchester United FC,2,0,Home Win,0
2022-08-05,2023-05-28,2023-04-03 19:00:00+00:00,FINISHED,Everton FC,Tottenham Hotspur FC,1,1,Draw,1
2022-08-05,2023-05-28,2023-04-04 18:45:00+00:00,FINISHED,Leicester City FC,Aston Villa FC,1,2,Away Win,2
2022-08-05,2023-05-28,2023-04-04 18:45:00+00:00,FINISHED,Leeds United FC,Nottingham Forest FC,2,1,Home Win,0
2022-08-05,2023-05-28,2023-04-04 18:45:00+00:00,FINISHED,AFC Bournemouth,Brighton & Hove Albion FC,0,2,Away Win,2
2022-08-05,2023-05-28,2023-04-04 19:00:00+00:00,FINISHED,Chelsea FC,Liverpool FC,0,0,Draw,1
2022-08-05,2023-05-28,2023-04-05 19:00:00+00:00,FINISHED,West Ham United FC,Newcastle United FC,1,5,Away Win,2
2022-08-05,2023-05-28,2023-04-05 19:00:00+00:00,FINISHED,Manchester United FC,Brentford FC,1,0,Home Win,0
2022-08-05,2023-05-28,2023-04-08 11:30:00+00:00,FINISHED,Manchester United FC,Everton FC,2,0,Home Win,0
2022-08-05,2023-05-28,2023-04-08 14:00:00+00:00,FINISHED,Wolverhampton Wanderers FC,Chelsea FC,1,0,Home Win,0
2022-08-05,2023-05-28,2023-04-08 14:00:00+00:00,FINISHED,Tottenham Hotspur FC,Brighton & Hove Albion FC,2,1,Home Win,0
2022-08-05,2023-05-28,2023-04-08 14:00:00+00:00,FINISHED,Leicester City FC,AFC Bournemouth,0,1,Away Win,2
2022-08-05,2023-05-28,2023-04-08 14:00:00+00:00,FINISHED,Fulham FC,West Ham United FC,0,1,Away Win,2
2022-08-05,2023-05-28,2023-04-08 14:00:00+00:00,FINISHED,Brentford FC,Newcastle United FC,1,2,Away Win,2
2022-08-05,2023-05-28,2023-04-08 14:00:00+00:00,FINISHED,Aston Villa FC,Nottingham Forest FC,2,0,Home Win,0
2022-08-05,2023-05-28,2023-04-08 16:30:00+00:00,FINISHED,Southampton FC,Manchester City FC,1,4,Away Win,2
2022-08-05,2023-05-28,2023-04-09 13:00:00+00:00,FINISHED,Leeds United FC,Crystal Palace FC,1,5,Away Win,2
2022-08-05,2023-05-28,2023-04-09 15:30:00+00:00,FINISHED,Liverpool FC,Arsenal FC,2,2,Draw,1
2022-08-05,2023-05-28,2023-04-15 11:30:00+00:00,FINISHED,Aston Villa FC,Newcastle United FC,3,0,Home Win,0
2022-08-05,2023-05-28,2023-04-15 14:00:00+00:00,FINISHED,Wolverhampton Wanderers FC,Brentford FC,2,0,Home Win,0
2022-08-05,2023-05-28,2023-04-15 14:00:00+00:00,FINISHED,Southampton FC,Crystal Palace FC,0,2,Away Win,2
2022-08-05,2023-05-28,2023-04-15 14:00:00+00:00,FINISHED,Everton FC,Fulham FC,1,3,Away Win,2
2022-08-05,2023-05-28,2023-04-15 14:00:00+00:00,FINISHED,Chelsea FC,Brighton & Hove Albion FC,1,2,Away Win,2
2022-08-05,2023-05-28,2023-04-15 14:15:00+00:00,FINISHED,Tottenham Hotspur FC,AFC Bournemouth,2,3,Away Win,2
2022-08-05,2023-05-28,2023-04-15 16:30:00+00:00,FINISHED,Manchester City FC,Leicester City FC,3,1,Home Win,0
2022-08-05,2023-05-28,2023-04-16 13:00:00+00:00,FINISHED,West Ham United FC,Arsenal FC,2,2,Draw,1
2022-08-05,2023-05-28,2023-04-16 15:30:00+00:00,FINISHED,Nottingham Forest FC,Manchester United FC,0,2,Away Win,2
2022-08-05,2023-05-28,2023-04-17 19:00:00+00:00,FINISHED,Leeds United FC,Liverpool FC,1,6,Away Win,2
2022-08-05,2023-05-28,2023-04-21 19:00:00+00:00,FINISHED,Arsenal FC,Southampton FC,3,3,Draw,1
2022-08-05,2023-05-28,2023-04-22 11:30:00+00:00,FINISHED,Fulham FC,Leeds United FC,2,1,Home Win,0
2022-08-05,2023-05-28,2023-04-22 14:00:00+00:00,FINISHED,Liverpool FC,Nottingham Forest FC,3,2,Home Win,0
2022-08-05,2023-05-28,2023-04-22 14:00:00+00:00,FINISHED,Leicester City FC,Wolverhampton Wanderers FC,2,1,Home Win,0
2022-08-05,2023-05-28,2023-04-22 14:00:00+00:00,FINISHED,Crystal Palace FC,Everton FC,0,0,Draw,1
2022-08-05,2023-05-28,2023-04-22 14:00:00+00:00,FINISHED,Brentford FC,Aston Villa FC,1,1,Draw,1
2022-08-05,2023-05-28,2023-04-23 13:00:00+00:00,FINISHED,Newcastle United FC,Tottenham Hotspur FC,6,1,Home Win,0
2022-08-05,2023-05-28,2023-04-23 13:00:00+00:00,FINISHED,AFC Bournemouth,West Ham United FC,0,4,Away Win,2
2022-08-05,2023-05-28,2023-04-25 18:30:00+00:00,FINISHED,Wolverhampton Wanderers FC,Crystal Palace FC,2,0,Home Win,0
2022-08-05,2023-05-28,2023-04-25 18:45:00+00:00,FINISHED,Aston Villa FC,Fulham FC,1,0,Home Win,0
2022-08-05,2023-05-28,2023-04-25 19:00:00+00:00,FINISHED,Leeds United FC,Leicester City FC,1,1,Draw,1
2022-08-05,2023-05-28,2023-04-26 18:30:00+00:00,FINISHED,Nottingham Forest FC,Brighton & Hove Albion FC,3,1,Home Win,0
2022-08-05,2023-05-28,2023-04-26 18:45:00+00:00,FINISHED,Chelsea FC,Brentford FC,0,2,Away Win,2
2022-08-05,2023-05-28,2023-04-26 18:45:00+00:00,FINISHED,West Ham United FC,Liverpool FC,1,2,Away Win,2
2022-08-05,2023-05-28,2023-04-26 19:00:00+00:00,FINISHED,Manchester City FC,Arsenal FC,4,1,Home Win,0
2022-08-05,2023-05-28,2023-04-27 18:45:00+00:00,FINISHED,Southampton FC,AFC Bournemouth,0,1,Away Win,2
2022-08-05,2023-05-28,2023-04-27 18:45:00+00:00,FINISHED,Everton FC,Newcastle United FC,1,4,Away Win,2
2022-08-05,2023-05-28,2023-04-27 19:15:00+00:00,FINISHED,Tottenham Hotspur FC,Manchester United FC,2,2,Draw,1
2022-08-05,2023-05-28,2023-04-29 11:45:00+00:00,FINISHED,Crystal Palace FC,West Ham United FC,4,3,Home Win,0
2022-08-05,2023-05-28,2023-04-29 14:00:00+00:00,FINISHED,Brighton & Hove Albion FC,Wolverhampton Wanderers FC,6,0,Home Win,0
2022-08-05,2023-05-28,2023-04-29 14:00:00+00:00,FINISHED,Brentford FC,Nottingham Forest FC,2,1,Home Win,0
2022-08-05,2023-05-28,2023-04-30 13:00:00+00:00,FINISHED,Newcastle United FC,Southampton FC,3,1,Home Win,0
2022-08-05,2023-05-28,2023-04-30 13:00:00+00:00,FINISHED,Manchester United FC,Aston Villa FC,1,0,Home Win,0
2022-08-05,2023-05-28,2023-04-30 13:00:00+00:00,FINISHED,Fulham FC,Manchester City FC,1,2,Away Win,2
2022-08-05,2023-05-28,2023-04-30 13:00:00+00:00,FINISHED,AFC Bournemouth,Leeds United FC,4,1,Home Win,0
2022-08-05,2023-05-28,2023-04-30 15:30:00+00:00,FINISHED,Liverpool FC,Tottenham Hotspur FC,4,3,Home Win,0
2022-08-05,2023-05-28,2023-05-01 19:00:00+00:00,FINISHED,Leicester City FC,Everton FC,2,2,Draw,1
2022-08-05,2023-05-28,2023-05-02 19:00:00+00:00,FINISHED,Arsenal FC,Chelsea FC,3,1,Home Win,0
2022-08-05,2023-05-28,2023-05-03 19:00:00+00:00,FINISHED,Manchester City FC,West Ham United FC,3,0,Home Win,0
2022-08-05,2023-05-28,2023-05-03 19:00:00+00:00,FINISHED,Liverpool FC,Fulham FC,1,0,Home Win,0
2022-08-05,2023-05-28,2023-05-04 19:00:00+00:00,FINISHED,Brighton & Hove Albion FC,Manchester United FC,1,0,Home Win,0
2022-08-05,2023-05-28,2023-05-06 14:00:00+00:00,FINISHED,Wolverhampton Wanderers FC,Aston Villa FC,1,0,Home Win,0
2022-08-05,2023-05-28,2023-05-06 14:00:00+00:00,FINISHED,Tottenham Hotspur FC,Crystal Palace FC,1,0,Home Win,0
2022-08-05,2023-05-28,2023-05-06 14:00:00+00:00,FINISHED,Manchester City FC,Leeds United FC,2,1,Home Win,0
2022-08-05,2023-05-28,2023-05-06 14:00:00+00:00,FINISHED,AFC Bournemouth,Chelsea FC,1,3,Away Win,2
2022-08-05,2023-05-28,2023-05-06 16:30:00+00:00,FINISHED,Liverpool FC,Brentford FC,1,0,Home Win,0
2022-08-05,2023-05-28,2023-05-07 15:30:00+00:00,FINISHED,Newcastle United FC,Arsenal FC,0,2,Away Win,2
2022-08-05,2023-05-28,2023-05-07 18:00:00+00:00,FINISHED,West Ham United FC,Manchester United FC,1,0,Home Win,0
2022-08-05,2023-05-28,2023-05-08 14:00:00+00:00,FINISHED,Fulham FC,Leicester City FC,5,3,Home Win,0
2022-08-05,2023-05-28,2023-05-08 16:30:00+00:00,FINISHED,Brighton & Hove Albion FC,Everton FC,1,5,Away Win,2
2022-08-05,2023-05-28,2023-05-08 19:00:00+00:00,FINISHED,Nottingham Forest FC,Southampton FC,4,3,Home Win,0
2022-08-05,2023-05-28,2023-05-13 11:30:00+00:00,FINISHED,Leeds United FC,Newcastle United FC,2,2,Draw,1
2022-08-05,2023-05-28,2023-05-13 14:00:00+00:00,FINISHED,Southampton FC,Fulham FC,0,2,Away Win,2
2022-08-05,2023-05-28,2023-05-13 14:00:00+00:00,FINISHED,Manchester United FC,Wolverhampton Wanderers FC,2,0,Home Win,0
2022-08-05,2023-05-28,2023-05-13 14:00:00+00:00,FINISHED,Crystal Palace FC,AFC Bournemouth,2,0,Home Win,0
2022-08-05,2023-05-28,2023-05-13 14:00:00+00:00,FINISHED,Chelsea FC,Nottingham Forest FC,2,2,Draw,1
2022-08-05,2023-05-28,2023-05-13 14:00:00+00:00,FINISHED,Aston Villa FC,Tottenham Hotspur FC,2,1,Home Win,0
2022-08-05,2023-05-28,2023-05-14 13:00:00+00:00,FINISHED,Everton FC,Manchester City FC,0,3,Away Win,2
2022-08-05,2023-05-28,2023-05-14 13:00:00+00:00,FINISHED,Brentford FC,West Ham United FC,2,0,Home Win,0
2022-08-05,2023-05-28,2023-05-14 15:30:00+00:00,FINISHED,Arsenal FC,Brighton & Hove Albion FC,0,3,Away Win,2
2022-08-05,2023-05-28,2023-05-15 19:00:00+00:00,FINISHED,Leicester City FC,Liverpool FC,0,3,Away Win,2
2022-08-05,2023-05-28,2023-05-18 18:30:00+00:00,FINISHED,Newcastle United FC,Brighton & Hove Albion FC,4,1,Home Win,0
2022-08-05,2023-05-28,2023-05-20 11:30:00+00:00,FINISHED,Tottenham Hotspur FC,Brentford FC,1,3,Away Win,2
2022-08-05,2023-05-28,2023-05-20 14:00:00+00:00,FINISHED,Wolverhampton Wanderers FC,Everton FC,1,1,Draw,1
2022-08-05,2023-05-28,2023-05-20 14:00:00+00:00,FINISHED,Liverpool FC,Aston Villa FC,1,1,Draw,1
2022-08-05,2023-05-28,2023-05-20 14:00:00+00:00,FINISHED,Fulham FC,Crystal Palace FC,2,2,Draw,1
2022-08-05,2023-05-28,2023-05-20 14:00:00+00:00,FINISHED,AFC Bournemouth,Manchester United FC,0,1,Away Win,2
2022-08-05,2023-05-28,2023-05-20 16:30:00+00:00,FINISHED,Nottingham Forest FC,Arsenal FC,1,0,Home Win,0
2022-08-05,2023-05-28,2023-05-21 12:30:00+00:00,FINISHED,West Ham United FC,Leeds United FC,3,1,Home Win,0
2022-08-05,2023-05-28,2023-05-21 13:00:00+00:00,FINISHED,Brighton & Hove Albion FC,Southampton FC,3,1,Home Win,0
2022-08-05,2023-05-28,2023-05-21 15:00:00+00:00,FINISHED,Manchester City FC,Chelsea FC,1,0,Home Win,0
2022-08-05,2023-05-28,2023-05-22 19:00:00+00:00,FINISHED,Newcastle United FC,Leicester City FC,0,0,Draw,1
2022-08-05,2023-05-28,2023-05-24 19:00:00+00:00,FINISHED,Brighton & Hove Albion FC,Manchester City FC,1,1,Draw,1
2022-08-05,2023-05-28,2023-05-25 19:00:00+00:00,FINISHED,Manchester United FC,Chelsea FC,4,1,Home Win,0
2022-08-05,2023-05-28,2023-05-28 15:30:00+00:00,FINISHED,Southampton FC,Liverpool FC,4,4,Draw,1
2022-08-05,2023-05-28,2023-05-28 15:30:00+00:00,FINISHED,Manchester United FC,Fulham FC,2,1,Home Win,0
2022-08-05,2023-05-28,2023-05-28 15:30:00+00:00,FINISHED,Leicester City FC,West Ham United FC,2,1,Home Win,0
2022-08-05,2023-05-28,2023-05-28 15:30:00+00:00,FINISHED,Leeds United FC,Tottenham Hotspur FC,1,4,Away Win,2
2022-08-05,2023-05-28,2023-05-28 15:30:00+00:00,FINISHED,Everton FC,AFC Bournemouth,1,0,Home Win,0
2022-08-05,2023-05-28,2023-05-28 15:30:00+00:00,FINISHED,Crystal Palace FC,Nottingham Forest FC,1,1,Draw,1
2022-08-05,2023-05-28,2023-05-28 15:30:00+00:00,FINISHED,Chelsea FC,Newcastle United FC,1,1,Draw,1
2022-08-05,2023-05-28,2023-05-28 15:30:00+00:00,FINISHED,Brentford FC,Manchester City FC,1,0,Home Win,0
2022-08-05,2023-05-28,2023-05-28 15:30:00+00:00,FINISHED,Aston Villa FC,Brighton & Hove Albion FC,2,1,Home Win,0
2022-08-05,2023-05-28,2023-05-28 15:30:00+00:00,FINISHED,Arsenal FC,Wolverhampton Wanderers FC,5,0,Home Win,0
2023-08-11,2024-05-19,2023-08-11 19:00:00+00:00,FINISHED,Burnley FC,Manchester City FC,0,3,Away Win,2
2023-08-11,2024-05-19,2023-08-12 12:00:00+00:00,FINISHED,Arsenal FC,Nottingham Forest FC,2,1,Home Win,0
2023-08-11,2024-05-19,2023-08-12 14:00:00+00:00,FINISHED,AFC Bournemouth,West Ham United FC,1,1,Draw,1
2023-08-11,2024-05-19,2023-08-12 14:00:00+00:00,FINISHED,Brighton & Hove Albion FC,Luton Town FC,4,1,Home Win,0
2023-08-11,2024-05-19,2023-08-12 14:00:00+00:00,FINISHED,Everton FC,Fulham FC,0,1,Away Win,2
2023-08-11,2024-05-19,2023-08-12 14:00:00+00:00,FINISHED,Sheffield United FC,Crystal Palace FC,0,1,Away Win,2
2023-08-11,2024-05-19,2023-08-12 16:30:00+00:00,FINISHED,Newcastle United FC,Aston Villa FC,5,1,Home Win,0
2023-08-11,2024-05-19,2023-08-13 13:00:00+00:00,FINISHED,Brentford FC,Tottenham Hotspur FC,2,2,Draw,1
2023-08-11,2024-05-19,2023-08-13 15:30:00+00:00,FINISHED,Chelsea FC,Liverpool FC,1,1,Draw,1
2023-08-11,2024-05-19,2023-08-14 19:00:00+00:00,FINISHED,Manchester United FC,Wolverhampton Wanderers FC,1,0,Home Win,0
2023-08-11,2024-05-19,2023-08-18 18:45:00+00:00,FINISHED,Nottingham Forest FC,Sheffield United FC,2,1,Home Win,0
2023-08-11,2024-05-19,2023-08-19 14:00:00+00:00,FINISHED,Fulham FC,Brentford FC,0,3,Away Win,2
2023-08-11,2024-05-19,2023-08-19 14:00:00+00:00,FINISHED,Liverpool FC,AFC Bournemouth,3,1,Home Win,0
2023-08-11,2024-05-19,2023-08-19 14:00:00+00:00,FINISHED,Wolverhampton Wanderers FC,Brighton & Hove Albion FC,1,4,Away Win,2
2023-08-11,2024-05-19,2023-08-19 16:30:00+00:00,FINISHED,Tottenham Hotspur FC,Manchester United FC,2,0,Home Win,0
2023-08-11,2024-05-19,2023-08-19 19:00:00+00:00,FINISHED,Manchester City FC,Newcastle United FC,1,0,Home Win,0
2023-08-11,2024-05-19,2023-08-20 13:00:00+00:00,FINISHED,Aston Villa FC,Everton FC,4,0,Home Win,0
2023-08-11,2024-05-19,2023-08-20 15:30:00+00:00,FINISHED,West Ham United FC,Chelsea FC,3,1,Home Win,0
2023-08-11,2024-05-19,2023-08-21 19:00:00+00:00,FINISHED,Crystal Palace FC,Arsenal FC,0,1,Away Win,2
2023-08-11,2024-05-19,2023-08-25 19:00:00+00:00,FINISHED,Chelsea FC,Luton Town FC,3,0,Home Win,0
2023-08-11,2024-05-19,2023-08-26 11:30:00+00:00,FINISHED,AFC Bournemouth,Tottenham Hotspur FC,0,2,Away Win,2
2023-08-11,2024-05-19,2023-08-26 14:00:00+00:00,FINISHED,Everton FC,Wolverhampton Wanderers FC,0,1,Away Win,2
2023-08-11,2024-05-19,2023-08-26 14:00:00+00:00,FINISHED,Manchester United FC,Nottingham Forest FC,3,2,Home Win,0
2023-08-11,2024-05-19,2023-08-26 14:00:00+00:00,FINISHED,Arsenal FC,Fulham FC,2,2,Draw,1
2023-08-11,2024-05-19,2023-08-26 14:00:00+00:00,FINISHED,Brentford FC,Crystal Palace FC,1,1,Draw,1
2023-08-11,2024-05-19,2023-08-26 16:30:00+00:00,FINISHED,Brighton & Hove Albion FC,West Ham United FC,1,3,Away Win,2
2023-08-11,2024-05-19,2023-08-27 13:00:00+00:00,FINISHED,Sheffield United FC,Manchester City FC,1,2,Away Win,2
2023-08-11,2024-05-19,2023-08-27 13:00:00+00:00,FINISHED,Burnley FC,Aston Villa FC,1,3,Away Win,2
2023-08-11,2024-05-19,2023-08-27 15:30:00+00:00,FINISHED,Newcastle United FC,Liverpool FC,1,2,Away Win,2
2023-08-11,2024-05-19,2023-09-01 19:00:00+00:00,FINISHED,Luton Town FC,West Ham United FC,1,2,Away Win,2
2023-08-11,2024-05-19,2023-09-02 11:30:00+00:00,FINISHED,Sheffield United FC,Everton FC,2,2,Draw,1
2023-08-11,2024-05-19,2023-09-02 14:00:00+00:00,FINISHED,Brentford FC,AFC Bournemouth,2,2,Draw,1
2023-08-11,2024-05-19,2023-09-02 14:00:00+00:00,FINISHED,Burnley FC,Tottenham Hotspur FC,2,5,Away Win,2
2023-08-11,2024-05-19,2023-09-02 14:00:00+00:00,FINISHED,Chelsea FC,Nottingham Forest FC,0,1,Away Win,2
2023-08-11,2024-05-19,2023-09-02 14:00:00+00:00,FINISHED,Manchester City FC,Fulham FC,5,1,Home Win,0
2023-08-11,2024-05-19,2023-09-02 16:30:00+00:00,FINISHED,Brighton & Hove Albion FC,Newcastle United FC,3,1,Home Win,0
2023-08-11,2024-05-19,2023-09-03 13:00:00+00:00,FINISHED,Crystal Palace FC,Wolverhampton Wanderers FC,3,2,Home Win,0
2023-08-11,2024-05-19,2023-09-03 13:00:00+00:00,FINISHED,Liverpool FC,Aston Villa FC,3,0,Home Win,0
2023-08-11,2024-05-19,2023-09-03 15:30:00+00:00,FINISHED,Arsenal FC,Manchester United FC,3,1,Home Win,0
2023-08-11,2024-05-19,2023-09-16 11:30:00+00:00,FINISHED,Wolverhampton Wanderers FC,Liverpool FC,1,3,Away Win,2
2023-08-11,2024-05-19,2023-09-16 14:00:00+00:00,FINISHED,Aston Villa FC,Crystal Palace FC,3,1,Home Win,0
2023-08-11,2024-05-19,2023-09-16 14:00:00+00:00,FINISHED,Fulham FC,Luton Town FC,1,0,Home Win,0
2023-08-11,2024-05-19,2023-09-16 14:00:00+00:00,FINISHED,Manchester United FC,Brighton & Hove Albion FC,1,3,Away Win,2
2023-08-11,2024-05-19,2023-09-16 14:00:00+00:00,FINISHED,Tottenham Hotspur FC,Sheffield United FC,2,1,Home Win,0
2023-08-11,2024-05-19,2023-09-16 14:00:00+00:00,FINISHED,West Ham United FC,Manchester City FC,1,3,Away Win,2
2023-08-11,2024-05-19,2023-09-16 16:30:00+00:00,FINISHED,Newcastle United FC,Brentford FC,1,0,Home Win,0
2023-08-11,2024-05-19,2023-09-17 13:00:00+00:00,FINISHED,AFC Bournemouth,Chelsea FC,0,0,Draw,1
2023-08-11,2024-05-19,2023-09-17 15:30:00+00:00,FINISHED,Everton FC,Arsenal FC,0,1,Away Win,2
2023-08-11,2024-05-19,2023-09-18 18:45:00+00:00,FINISHED,Nottingham Forest FC,Burnley FC,1,1,Draw,1
2023-08-11,2024-05-19,2023-09-23 14:00:00+00:00,FINISHED,Crystal Palace FC,Fulham FC,0,0,Draw,1
2023-08-11,2024-05-19,2023-09-23 14:00:00+00:00,FINISHED,Luton Town FC,Wolverhampton Wanderers FC,1,1,Draw,1
2023-08-11,2024-05-19,2023-09-23 14:00:00+00:00,FINISHED,Manchester City FC,Nottingham Forest FC,2,0,Home Win,0
2023-08-11,2024-05-19,2023-09-23 16:30:00+00:00,FINISHED,Brentford FC,Everton FC,1,3,Away Win,2
2023-08-11,2024-05-19,2023-09-23 19:00:00+00:00,FINISHED,Burnley FC,Manchester United FC,0,1,Away Win,2
2023-08-11,2024-05-19,2023-09-24 13:00:00+00:00,FINISHED,Arsenal FC,Tottenham Hotspur FC,2,2,Draw,1
2023-08-11,2024-05-19,2023-09-24 13:00:00+00:00,FINISHED,Brighton & Hove Albion FC,AFC Bournemouth,3,1,Home Win,0
2023-08-11,2024-05-19,2023-09-24 13:00:00+00:00,FINISHED,Chelsea FC,Aston Villa FC,0,1,Away Win,2
2023-08-11,2024-05-19,2023-09-24 13:00:00+00:00,FINISHED,Liverpool FC,West Ham United FC,3,1,Home Win,0
2023-08-11,2024-05-19,2023-09-24 15:30:00+00:00,FINISHED,Sheffield United FC,Newcastle United FC,0,8,Away Win,2
2023-08-11,2024-05-19,2023-09-30 11:30:00+00:00,FINISHED,Aston Villa FC,Brighton & Hove Albion FC,6,1,Home Win,0
2023-08-11,2024-05-19,2023-09-30 14:00:00+00:00,FINISHED,AFC Bournemouth,Arsenal FC,0,4,Away Win,2
2023-08-11,2024-05-19,2023-09-30 14:00:00+00:00,FINISHED,Everton FC,Luton Town FC,1,2,Away Win,2
2023-08-11,2024-05-19,2023-09-30 14:00:00+00:00,FINISHED,Manchester United FC,Crystal Palace FC,0,1,Away Win,2
2023-08-11,2024-05-19,2023-09-30 14:00:00+00:00,FINISHED,Newcastle United FC,Burnley FC,2,0,Home Win,0
2023-08-11,2024-05-19,2023-09-30 14:00:00+00:00,FINISHED,West Ham United FC,Sheffield United FC,2,0,Home Win,0
2023-08-11,2024-05-19,2023-09-30 14:00:00+00:00,FINISHED,Wolverhampton Wanderers FC,Manchester City FC,2,1,Home Win,0
2023-08-11,2024-05-19,2023-09-30 16:30:00+00:00,FINISHED,Tottenham Hotspur FC,Liverpool FC,2,1,Home Win,0
2023-08-11,2024-05-19,2023-10-01 13:00:00+00:00,FINISHED,Nottingham Forest FC,Brentford FC,1,1,Draw,1
2023-08-11,2024-05-19,2023-10-02 19:00:00+00:00,FINISHED,Fulham FC,Chelsea FC,0,2,Away Win,2
2023-08-11,2024-05-19,2023-10-03 18:30:00+00:00,FINISHED,Luton Town FC,Burnley FC,1,2,Away Win,2
2023-08-11,2024-05-19,2023-10-07 11:30:00+00:00,FINISHED,Luton Town FC,Tottenham Hotspur FC,0,1,Away Win,2
2023-08-11,2024-05-19,2023-10-07 14:00:00+00:00,FINISHED,Burnley FC,Chelsea FC,1,4,Away Win,2
2023-08-11,2024-05-19,2023-10-07 14:00:00+00:00,FINISHED,Everton FC,AFC Bournemouth,3,0,Home Win,0
2023-08-11,2024-05-19,2023-10-07 14:00:00+00:00,FINISHED,Fulham FC,Sheffield United FC,3,1,Home Win,0
2023-08-11,2024-05-19,2023-10-07 14:00:00+00:00,FINISHED,Manchester United FC,Brentford FC,2,1,Home Win,0
2023-08-11,2024-05-19,2023-10-07 16:30:00+00:00,FINISHED,Crystal Palace FC,Nottingham Forest FC,0,0,Draw,1
2023-08-11,2024-05-19,2023-10-08 13:00:00+00:00,FINISHED,Brighton & Hove Albion FC,Liverpool FC,2,2,Draw,1
2023-08-11,2024-05-19,2023-10-08 13:00:00+00:00,FINISHED,West Ham United FC,Newcastle United FC,2,2,Draw,1
2023-08-11,2024-05-19,2023-10-08 13:00:00+00:00,FINISHED,Wolverhampton Wanderers FC,Aston Villa FC,1,1,Draw,1
2023-08-11,2024-05-19,2023-10-08 15:30:00+00:00,FINISHED,Arsenal FC,Manchester City FC,1,0,Home Win,0
2023-08-11,2024-05-19,2023-10-21 11:30:00+00:00,FINISHED,Liverpool FC,Everton FC,2,0,Home Win,0
2023-08-11,2024-05-19,2023-10-21 14:00:00+00:00,FINISHED,AFC Bournemouth,Wolverhampton Wanderers FC,1,2,Away Win,2
2023-08-11,2024-05-19,2023-10-21 14:00:00+00:00,FINISHED,Brentford FC,Burnley FC,3,0,Home Win,0
2023-08-11,2024-05-19,2023-10-21 14:00:00+00:00,FINISHED,Manchester City FC,Brighton & Hove Albion FC,2,1,Home Win,0
2023-08-11,2024-05-19,2023-10-21 14:00:00+00:00,FINISHED,Newcastle United FC,Crystal Palace FC,4,0,Home Win,0
2023-08-11,2024-05-19,2023-10-21 14:00:00+00:00,FINISHED,Nottingham Forest FC,Luton Town FC,2,2,Draw,1
2023-08-11,2024-05-19,2023-10-21 16:30:00+00:00,FINISHED,Chelsea FC,Arsenal FC,2,2,Draw,1
2023-08-11,2024-05-19,2023-10-21 19:00:00+00:00,FINISHED,Sheffield United FC,Manchester United FC,1,2,Away Win,2
2023-08-11,2024-05-19,2023-10-22 15:30:00+00:00,FINISHED,Aston Villa FC,West Ham United FC,4,1,Home Win,0
2023-08-11,2024-05-19,2023-10-23 19:00:00+00:00,FINISHED,Tottenham Hotspur FC,Fulham FC,2,0,Home Win,0
2023-08-11,2024-05-19,2023-10-27 19:00:00+00:00,FINISHED,Crystal Palace FC,Tottenham Hotspur FC,1,2,Away Win,2
2023-08-11,2024-05-19,2023-10-28 11:30:00+00:00,FINISHED,Chelsea FC,Brentford FC,0,2,Away Win,2
2023-08-11,2024-05-19,2023-10-28 14:00:00+00:00,FINISHED,AFC Bournemouth,Burnley FC,2,1,Home Win,0
2023-08-11,2024-05-19,2023-10-28 14:00:00+00:00,FINISHED,Arsenal FC,Sheffield United FC,5,0,Home Win,0
2023-08-11,2024-05-19,2023-10-28 16:30:00+00:00,FINISHED,Wolverhampton Wanderers FC,Newcastle United FC,2,2,Draw,1
2023-08-11,2024-05-19,2023-10-29 13:00:00+00:00,FINISHED,West Ham United FC,Everton FC,0,1,Away Win,2
2023-08-11,2024-05-19,2023-10-29 14:00:00+00:00,FINISHED,Aston Villa FC,Luton Town FC,3,1,Home Win,0
2023-08-11,2024-05-19,2023-10-29 14:00:00+00:00,FINISHED,Brighton & Hove Albion FC,Fulham FC,1,1,Draw,1
2023-08-11,2024-05-19,2023-10-29 14:00:00+00:00,FINISHED,Liverpool FC,Nottingham Forest FC,3,0,Home Win,0
2023-08-11,2024-05-19,2023-10-29 15:30:00+00:00,FINISHED,Manchester United FC,Manchester City FC,0,3,Away Win,2
2023-08-11,2024-05-19,2023-11-04 12:30:00+00:00,FINISHED,Fulham FC,Manchester United FC,0,1,Away Win,2
2023-08-11,2024-05-19,2023-11-04 15:00:00+00:00,FINISHED,Brentford FC,West Ham United FC,3,2,Home Win,0
2023-08-11,2024-05-19,2023-11-04 15:00:00+00:00,FINISHED,Burnley FC,Crystal Palace FC,0,2,Away Win,2
2023-08-11,2024-05-19,2023-11-04 15:00:00+00:00,FINISHED,Everton FC,Brighton & Hove Albion FC,1,1,Draw,1
2023-08-11,2024-05-19,2023-11-04 15:00:00+00:00,FINISHED,Manchester City FC,AFC Bournemouth,6,1,Home Win,0
2023-08-11,2024-05-19,2023-11-04 15:00:00+00:00,FINISHED,Sheffield United FC,Wolverhampton Wanderers FC,2,1,Home Win,0
2023-08-11,2024-05-19,2023-11-04 17:30:00+00:00,FINISHED,Newcastle United FC,Arsenal FC,1,0,Home Win,0
2023-08-11,2024-05-19,2023-11-05 14:00:00+00:00,FINISHED,Nottingham Forest FC,Aston Villa FC,2,0,Home Win,0
2023-08-11,2024-05-19,2023-11-05 16:30:00+00:00,FINISHED,Luton Town FC,Liverpool FC,1,1,Draw,1
2023-08-11,2024-05-19,2023-11-06 20:00:00+00:00,FINISHED,Tottenham Hotspur FC,Chelsea FC,1,4,Away Win,2
2023-08-11,2024-05-19,2023-11-11 12:30:00+00:00,FINISHED,Wolverhampton Wanderers FC,Tottenham Hotspur FC,2,1,Home Win,0
2023-08-11,2024-05-19,2023-11-11 15:00:00+00:00,FINISHED,Arsenal FC,Burnley FC,3,1,Home Win,0
2023-08-11,2024-05-19,2023-11-11 15:00:00+00:00,FINISHED,Crystal Palace FC,Everton FC,2,3,Away Win,2
2023-08-11,2024-05-19,2023-11-11 15:00:00+00:00,FINISHED,Manchester United FC,Luton Town FC,1,0,Home Win,0
2023-08-11,2024-05-19,2023-11-11 17:30:00+00:00,FINISHED,AFC Bournemouth,Newcastle United FC,2,0,Home Win,0
2023-08-11,2024-05-19,2023-11-12 14:00:00+00:00,FINISHED,Aston Villa FC,Fulham FC,3,1,Home Win,0
2023-08-11,2024-05-19,2023-11-12 14:00:00+00:00,FINISHED,Brighton & Hove Albion FC,Sheffield United FC,1,1,Draw,1
2023-08-11,2024-05-19,2023-11-12 14:00:00+00:00,FINISHED,Liverpool FC,Brentford FC,3,0,Home Win,0
2023-08-11,2024-05-19,2023-11-12 14:00:00+00:00,FINISHED,West Ham United FC,Nottingham Forest FC,3,2,Home Win,0
2023-08-11,2024-05-19,2023-11-12 16:30:00+00:00,FINISHED,Chelsea FC,Manchester City FC,4,4,Draw,1
2023-08-11,2024-05-19,2023-11-25 12:30:00+00:00,FINISHED,Manchester City FC,Liverpool FC,1,1,Draw,1
2023-08-11,2024-05-19,2023-11-25 15:00:00+00:00,FINISHED,Burnley FC,West Ham United FC,1,2,Away Win,2
2023-08-11,2024-05-19,2023-11-25 15:00:00+00:00,FINISHED,Luton Town FC,Crystal Palace FC,2,1,Home Win,0
2023-08-11,2024-05-19,2023-11-25 15:00:00+00:00,FINISHED,Newcastle United FC,Chelsea FC,4,1,Home Win,0
2023-08-11,2024-05-19,2023-11-25 15:00:00+00:00,FINISHED,Nottingham Forest FC,Brighton & Hove Albion FC,2,3,Away Win,2
2023-08-11,2024-05-19,2023-11-25 15:00:00+00:00,FINISHED,Sheffield United FC,AFC Bournemouth,1,3,Away Win,2
2023-08-11,2024-05-19,2023-11-25 17:30:00+00:00,FINISHED,Brentford FC,Arsenal FC,0,1,Away Win,2
2023-08-11,2024-05-19,2023-11-26 14:00:00+00:00,FINISHED,Tottenham Hotspur FC,Aston Villa FC,1,2,Away Win,2
2023-08-11,2024-05-19,2023-11-26 16:30:00+00:00,FINISHED,Everton FC,Manchester United FC,0,3,Away Win,2
2023-08-11,2024-05-19,2023-11-27 20:00:00+00:00,FINISHED,Fulham FC,Wolverhampton Wanderers FC,3,2,Home Win,0
2023-08-11,2024-05-19,2023-12-02 15:00:00+00:00,FINISHED,Arsenal FC,Wolverhampton Wanderers FC,2,1,Home Win,0
2023-08-11,2024-05-19,2023-12-02 15:00:00+00:00,FINISHED,Brentford FC,Luton Town FC,3,1,Home Win,0
2023-08-11,2024-05-19,2023-12-02 15:00:00+00:00,FINISHED,Burnley FC,Sheffield United FC,5,0,Home Win,0
2023-08-11,2024-05-19,2023-12-02 17:30:00+00:00,FINISHED,Nottingham Forest FC,Everton FC,0,1,Away Win,2
2023-08-11,2024-05-19,2023-12-02 20:00:00+00:00,FINISHED,Newcastle United FC,Manchester United FC,1,0,Home Win,0
2023-08-11,2024-05-19,2023-12-03 14:00:00+00:00,FINISHED,AFC Bournemouth,Aston Villa FC,2,2,Draw,1
2023-08-11,2024-05-19,2023-12-03 14:00:00+00:00,FINISHED,Chelsea FC,Brighton & Hove Albion FC,3,2,Home Win,0
2023-08-11,2024-05-19,2023-12-03 14:00:00+00:00,FINISHED,Liverpool FC,Fulham FC,4,3,Home Win,0
2023-08-11,2024-05-19,2023-12-03 14:00:00+00:00,FINISHED,West Ham United FC,Crystal Palace FC,1,1,Draw,1
2023-08-11,2024-05-19,2023-12-03 16:30:00+00:00,FINISHED,Manchester City FC,Tottenham Hotspur FC,3,3,Draw,1
2023-08-11,2024-05-19,2023-12-05 19:30:00+00:00,FINISHED,Wolverhampton Wanderers FC,Burnley FC,1,0,Home Win,0
2023-08-11,2024-05-19,2023-12-05 20:15:00+00:00,FINISHED,Luton Town FC,Arsenal FC,3,4,Away Win,2
2023-08-11,2024-05-19,2023-12-06 19:30:00+00:00,FINISHED,Brighton & Hove Albion FC,Brentford FC,2,1,Home Win,0
2023-08-11,2024-05-19,2023-12-06 19:30:00+00:00,FINISHED,Fulham FC,Nottingham Forest FC,5,0,Home Win,0
2023-08-11,2024-05-19,2023-12-06 19:30:00+00:00,FINISHED,Sheffield United FC,Liverpool FC,0,2,Away Win,2
2023-08-11,2024-05-19,2023-12-06 19:30:00+00:00,FINISHED,Crystal Palace FC,AFC Bournemouth,0,2,Away Win,2
2023-08-11,2024-05-19,2023-12-06 20:15:00+00:00,FINISHED,Aston Villa FC,Manchester City FC,1,0,Home Win,0
2023-08-11,2024-05-19,2023-12-06 20:15:00+00:00,FINISHED,Manchester United FC,Chelsea FC,2,1,Home Win,0
2023-08-11,2024-05-19,2023-12-07 19:30:00+00:00,FINISHED,Everton FC,Newcastle United FC,3,0,Home Win,0
2023-08-11,2024-05-19,2023-12-07 20:15:00+00:00,FINISHED,Tottenham Hotspur FC,West Ham United FC,1,2,Away Win,2
2023-08-11,2024-05-19,2023-12-09 12:30:00+00:00,FINISHED,Crystal Palace FC,Liverpool FC,1,2,Away Win,2
2023-08-11,2024-05-19,2023-12-09 15:00:00+00:00,FINISHED,Brighton & Hove Albion FC,Burnley FC,1,1,Draw,1
2023-08-11,2024-05-19,2023-12-09 15:00:00+00:00,FINISHED,Manchester United FC,AFC Bournemouth,0,3,Away Win,2
2023-08-11,2024-05-19,2023-12-09 15:00:00+00:00,FINISHED,Sheffield United FC,Brentford FC,1,0,Home Win,0
2023-08-11,2024-05-19,2023-12-09 15:00:00+00:00,FINISHED,Wolverhampton Wanderers FC,Nottingham Forest FC,1,1,Draw,1
2023-08-11,2024-05-19,2023-12-09 17:30:00+00:00,FINISHED,Aston Villa FC,Arsenal FC,1,0,Home Win,0
2023-08-11,2024-05-19,2023-12-10 14:00:00+00:00,FINISHED,Everton FC,Chelsea FC,2,0,Home Win,0
2023-08-11,2024-05-19,2023-12-10 14:00:00+00:00,FINISHED,Fulham FC,West Ham United FC,5,0,Home Win,0
2023-08-11,2024-05-19,2023-12-10 14:00:00+00:00,FINISHED,Luton Town FC,Manchester City FC,1,2,Away Win,2
2023-08-11,2024-05-19,2023-12-10 16:30:00+00:00,FINISHED,Tottenham Hotspur FC,Newcastle United FC,4,1,Home Win,0
2023-08-11,2024-05-19,2023-12-15 20:00:00+00:00,FINISHED,Nottingham Forest FC,Tottenham Hotspur FC,0,2,Away Win,2
2023-08-11,2024-05-19,2023-12-16 15:00:00+00:00,FINISHED,Chelsea FC,Sheffield United FC,2,0,Home Win,0
2023-08-11,2024-05-19,2023-12-16 15:00:00+00:00,FINISHED,Manchester City FC,Crystal Palace FC,2,2,Draw,1
2023-08-11,2024-05-19,2023-12-16 15:00:00+00:00,FINISHED,Newcastle United FC,Fulham FC,3,0,Home Win,0
2023-08-11,2024-05-19,2023-12-16 17:30:00+00:00,FINISHED,Burnley FC,Everton FC,0,2,Away Win,2
2023-08-11,2024-05-19,2023-12-17 14:00:00+00:00,FINISHED,Arsenal FC,Brighton & Hove Albion FC,2,0,Home Win,0
2023-08-11,2024-05-19,2023-12-17 14:00:00+00:00,FINISHED,Brentford FC,Aston Villa FC,1,2,Away Win,2
2023-08-11,2024-05-19,2023-12-17 14:00:00+00:00,FINISHED,West Ham United FC,Wolverhampton Wanderers FC,3,0,Home Win,0
2023-08-11,2024-05-19,2023-12-17 16:30:00+00:00,FINISHED,Liverpool FC,Manchester United FC,0,0,Draw,1
2023-08-11,2024-05-19,2023-12-21 20:00:00+00:00,FINISHED,Crystal Palace FC,Brighton & Hove Albion FC,1,1,Draw,1
2023-08-11,2024-05-19,2023-12-22 20:00:00+00:00,FINISHED,Aston Villa FC,Sheffield United FC,1,1,Draw,1
2023-08-11,2024-05-19,2023-12-23 12:30:00+00:00,FINISHED,West Ham United FC,Manchester United FC,2,0,Home Win,0
2023-08-11,2024-05-19,2023-12-23 15:00:00+00:00,FINISHED,Fulham FC,Burnley FC,0,2,Away Win,2
2023-08-11,2024-05-19,2023-12-23 15:00:00+00:00,FINISHED,Luton Town FC,Newcastle United FC,1,0,Home Win,0
2023-08-11,2024-05-19,2023-12-23 15:00:00+00:00,FINISHED,Nottingham Forest FC,AFC Bournemouth,2,3,Away Win,2
2023-08-11,2024-05-19,2023-12-23 15:00:00+00:00,FINISHED,Tottenham Hotspur FC,Everton FC,2,1,Home Win,0
2023-08-11,2024-05-19,2023-12-23 17:30:00+00:00,FINISHED,Liverpool FC,Arsenal FC,1,1,Draw,1
2023-08-11,2024-05-19,2023-12-24 13:00:00+00:00,FINISHED,Wolverhampton Wanderers FC,Chelsea FC,2,1,Home Win,0
2023-08-11,2024-05-19,2023-12-26 12:30:00+00:00,FINISHED,Newcastle United FC,Nottingham Forest FC,1,3,Away Win,2
2023-08-11,2024-05-19,2023-12-26 15:00:00+00:00,FINISHED,AFC Bournemouth,Fulham FC,3,0,Home Win,0
2023-08-11,2024-05-19,2023-12-26 15:00:00+00:00,FINISHED,Sheffield United FC,Luton Town FC,2,3,Away Win,2
2023-08-11,2024-05-19,2023-12-26 17:30:00+00:00,FINISHED,Burnley FC,Liverpool FC,0,2,Away Win,2
2023-08-11,2024-05-19,2023-12-26 20:00:00+00:00,FINISHED,Manchester United FC,Aston Villa FC,3,2,Home Win,0
2023-08-11,2024-05-19,2023-12-27 19:30:00+00:00,FINISHED,Brentford FC,Wolverhampton Wanderers FC,1,4,Away Win,2
2023-08-11,2024-05-19,2023-12-27 19:30:00+00:00,FINISHED,Chelsea FC,Crystal Palace FC,2,1,Home Win,0
2023-08-11,2024-05-19,2023-12-27 20:15:00+00:00,FINISHED,Everton FC,Manchester City FC,1,3,Away Win,2
2023-08-11,2024-05-19,2023-12-28 19:30:00+00:00,FINISHED,Brighton & Hove Albion FC,Tottenham Hotspur FC,4,2,Home Win,0
2023-08-11,2024-05-19,2023-12-28 20:15:00+00:00,FINISHED,Arsenal FC,West Ham United FC,0,2,Away Win,2
2023-08-11,2024-05-19,2023-12-30 12:30:00+00:00,FINISHED,Luton Town FC,Chelsea FC,2,3,Away Win,2
2023-08-11,2024-05-19,2023-12-30 15:00:00+00:00,FINISHED,Aston Villa FC,Burnley FC,3,2,Home Win,0
2023-08-11,2024-05-19,2023-12-30 15:00:00+00:00,FINISHED,Crystal Palace FC,Brentford FC,3,1,Home Win,0
2023-08-11,2024-05-19,2023-12-30 15:00:00+00:00,FINISHED,Manchester City FC,Sheffield United FC,2,0,Home Win,0
2023-08-11,2024-05-19,2023-12-30 15:00:00+00:00,FINISHED,Wolverhampton Wanderers FC,Everton FC,3,0,Home Win,0
2023-08-11,2024-05-19,2023-12-30 17:30:00+00:00,FINISHED,Nottingham Forest FC,Manchester United FC,2,1,Home Win,0
2023-08-11,2024-05-19,2023-12-31 14:00:00+00:00,FINISHED,Fulham FC,Arsenal FC,2,1,Home Win,0
2023-08-11,2024-05-19,2023-12-31 14:00:00+00:00,FINISHED,Tottenham Hotspur FC,AFC Bournemouth,3,1,Home Win,0
2023-08-11,2024-05-19,2024-01-01 20:00:00+00:00,FINISHED,Liverpool FC,Newcastle United FC,4,2,Home Win,0
2023-08-11,2024-05-19,2024-01-02 19:30:00+00:00,FINISHED,West Ham United FC,Brighton & Hove Albion FC,0,0,Draw,1
2023-08-11,2024-05-19,2024-01-12 19:45:00+00:00,FINISHED,Burnley FC,Luton Town FC,1,1,Draw,1
2023-08-11,2024-05-19,2024-01-13 12:30:00+00:00,FINISHED,Chelsea FC,Fulham FC,1,0,Home Win,0
2023-08-11,2024-05-19,2024-01-13 17:30:00+00:00,FINISHED,Newcastle United FC,Manchester City FC,2,3,Away Win,2
2023-08-11,2024-05-19,2024-01-14 14:00:00+00:00,FINISHED,Everton FC,Aston Villa FC,0,0,Draw,1
2023-08-11,2024-05-19,2024-01-14 16:30:00+00:00,FINISHED,Manchester United FC,Tottenham Hotspur FC,2,2,Draw,1
2023-08-11,2024-05-19,2024-01-20 12:30:00+00:00,FINISHED,Arsenal FC,Crystal Palace FC,5,0,Home Win,0
2023-08-11,2024-05-19,2024-01-20 17:30:00+00:00,FINISHED,Brentford FC,Nottingham Forest FC,3,2,Home Win,0
2023-08-11,2024-05-19,2024-01-21 14:00:00+00:00,FINISHED,Sheffield United FC,West Ham United FC,2,2,Draw,1
2023-08-11,2024-05-19,2024-01-21 16:30:00+00:00,FINISHED,AFC Bournemouth,Liverpool FC,0,4,Away Win,2
2023-08-11,2024-05-19,2024-01-22 19:45:00+00:00,FINISHED,Brighton & Hove Albion FC,Wolverhampton Wanderers FC,0,0,Draw,1
2023-08-11,2024-05-19,2024-01-30 19:30:00+00:00,FINISHED,Nottingham Forest FC,Arsenal FC,1,2,Away Win,2
2023-08-11,2024-05-19,2024-01-30 19:45:00+00:00,FINISHED,Luton Town FC,Brighton & Hove Albion FC,4,0,Home Win,0
2023-08-11,2024-05-19,2024-01-30 19:45:00+00:00,FINISHED,Fulham FC,Everton FC,0,0,Draw,1
2023-08-11,2024-05-19,2024-01-30 20:00:00+00:00,FINISHED,Crystal Palace FC,Sheffield United FC,3,2,Home Win,0
2023-08-11,2024-05-19,2024-01-30 20:15:00+00:00,FINISHED,Aston Villa FC,Newcastle United FC,1,3,Away Win,2
2023-08-11,2024-05-19,2024-01-31 19:30:00+00:00,FINISHED,Tottenham Hotspur FC,Brentford FC,3,2,Home Win,0
2023-08-11,2024-05-19,2024-01-31 19:30:00+00:00,FINISHED,Manchester City FC,Burnley FC,3,1,Home Win,0
2023-08-11,2024-05-19,2024-01-31 20:15:00+00:00,FINISHED,Liverpool FC,Chelsea FC,4,1,Home Win,0
2023-08-11,2024-05-19,2024-02-01 19:30:00+00:00,FINISHED,West Ham United FC,AFC Bournemouth,1,1,Draw,1
2023-08-11,2024-05-19,2024-02-01 20:15:00+00:00,FINISHED,Wolverhampton Wanderers FC,Manchester United FC,3,4,Away Win,2
2023-08-11,2024-05-19,2024-02-03 12:30:00+00:00,FINISHED,Everton FC,Tottenham Hotspur FC,2,2,Draw,1
2023-08-11,2024-05-19,2024-02-03 15:00:00+00:00,FINISHED,Brighton & Hove Albion FC,Crystal Palace FC,4,1,Home Win,0
2023-08-11,2024-05-19,2024-02-03 15:00:00+00:00,FINISHED,Burnley FC,Fulham FC,2,2,Draw,1
2023-08-11,2024-05-19,2024-02-03 15:00:00+00:00,FINISHED,Newcastle United FC,Luton Town FC,4,4,Draw,1
2023-08-11,2024-05-19,2024-02-03 17:30:00+00:00,FINISHED,Sheffield United FC,Aston Villa FC,0,5,Away Win,2
2023-08-11,2024-05-19,2024-02-04 14:00:00+00:00,FINISHED,AFC Bournemouth,Nottingham Forest FC,1,1,Draw,1
2023-08-11,2024-05-19,2024-02-04 14:00:00+00:00,FINISHED,Chelsea FC,Wolverhampton Wanderers FC,2,4,Away Win,2
2023-08-11,2024-05-19,2024-02-04 14:00:00+00:00,FINISHED,Manchester United FC,West Ham United FC,3,0,Home Win,0
2023-08-11,2024-05-19,2024-02-04 16:30:00+00:00,FINISHED,Arsenal FC,Liverpool FC,3,1,Home Win,0
2023-08-11,2024-05-19,2024-02-05 20:00:00+00:00,FINISHED,Brentford FC,Manchester City FC,1,3,Away Win,2
2023-08-11,2024-05-19,2024-02-10 12:30:00+00:00,FINISHED,Manchester City FC,Everton FC,2,0,Home Win,0
2023-08-11,2024-05-19,2024-02-10 15:00:00+00:00,FINISHED,Fulham FC,AFC Bournemouth,3,1,Home Win,0
2023-08-11,2024-05-19,2024-02-10 15:00:00+00:00,FINISHED,Liverpool FC,Burnley FC,3,1,Home Win,0
2023-08-11,2024-05-19,2024-02-10 15:00:00+00:00,FINISHED,Luton Town FC,Sheffield United FC,1,3,Away Win,2
2023-08-11,2024-05-19,2024-02-10 15:00:00+00:00,FINISHED,Tottenham Hotspur FC,Brighton & Hove Albion FC,2,1,Home Win,0
2023-08-11,2024-05-19,2024-02-10 15:00:00+00:00,FINISHED,Wolverhampton Wanderers FC,Brentford FC,0,2,Away Win,2
2023-08-11,2024-05-19,2024-02-10 17:30:00+00:00,FINISHED,Nottingham Forest FC,Newcastle United FC,2,3,Away Win,2
2023-08-11,2024-05-19,2024-02-11 14:00:00+00:00,FINISHED,West Ham United FC,Arsenal FC,0,6,Away Win,2
2023-08-11,2024-05-19,2024-02-11 16:30:00+00:00,FINISHED,Aston Villa FC,Manchester United FC,1,2,Away Win,2
2023-08-11,2024-05-19,2024-02-12 20:00:00+00:00,FINISHED,Crystal Palace FC,Chelsea FC,1,3,Away Win,2
2023-08-11,2024-05-19,2024-02-17 12:30:00+00:00,FINISHED,Brentford FC,Liverpool FC,1,4,Away Win,2
2023-08-11,2024-05-19,2024-02-17 15:00:00+00:00,FINISHED,Burnley FC,Arsenal FC,0,5,Away Win,2
2023-08-11,2024-05-19,2024-02-17 15:00:00+00:00,FINISHED,Fulham FC,Aston Villa FC,1,2,Away Win,2
2023-08-11,2024-05-19,2024-02-17 15:00:00+00:00,FINISHED,Newcastle United FC,AFC Bournemouth,2,2,Draw,1
2023-08-11,2024-05-19,2024-02-17 15:00:00+00:00,FINISHED,Nottingham Forest FC,West Ham United FC,2,0,Home Win,0
2023-08-11,2024-05-19,2024-02-17 15:00:00+00:00,FINISHED,Tottenham Hotspur FC,Wolverhampton Wanderers FC,1,2,Away Win,2
2023-08-11,2024-05-19,2024-02-17 17:30:00+00:00,FINISHED,Manchester City FC,Chelsea FC,1,1,Draw,1
2023-08-11,2024-05-19,2024-02-18 14:00:00+00:00,FINISHED,Sheffield United FC,Brighton & Hove Albion FC,0,5,Away Win,2
2023-08-11,2024-05-19,2024-02-18 16:30:00+00:00,FINISHED,Luton Town FC,Manchester United FC,1,2,Away Win,2
2023-08-11,2024-05-19,2024-02-19 20:00:00+00:00,FINISHED,Everton FC,Crystal Palace FC,1,1,Draw,1
2023-08-11,2024-05-19,2024-02-20 19:30:00+00:00,FINISHED,Manchester City FC,Brentford FC,1,0,Home Win,0
2023-08-11,2024-05-19,2024-02-21 19:30:00+00:00,FINISHED,Liverpool FC,Luton Town FC,4,1,Home Win,0
2023-08-11,2024-05-19,2024-02-24 15:00:00+00:00,FINISHED,Aston Villa FC,Nottingham Forest FC,4,2,Home Win,0
2023-08-11,2024-05-19,2024-02-24 15:00:00+00:00,FINISHED,Brighton & Hove Albion FC,Everton FC,1,1,Draw,1
2023-08-11,2024-05-19,2024-02-24 15:00:00+00:00,FINISHED,Crystal Palace FC,Burnley FC,3,0,Home Win,0
2023-08-11,2024-05-19,2024-02-24 15:00:00+00:00,FINISHED,Manchester United FC,Fulham FC,1,2,Away Win,2
2023-08-11,2024-05-19,2024-02-24 17:30:00+00:00,FINISHED,AFC Bournemouth,Manchester City FC,0,1,Away Win,2
2023-08-11,2024-05-19,2024-02-24 20:00:00+00:00,FINISHED,Arsenal FC,Newcastle United FC,4,1,Home Win,0
2023-08-11,2024-05-19,2024-02-25 13:30:00+00:00,FINISHED,Wolverhampton Wanderers FC,Sheffield United FC,1,0,Home Win,0
2023-08-11,2024-05-19,2024-02-26 20:00:00+00:00,FINISHED,West Ham United FC,Brentford FC,4,2,Home Win,0
2023-08-11,2024-05-19,2024-03-02 15:00:00+00:00,FINISHED,Brentford FC,Chelsea FC,2,2,Draw,1
2023-08-11,2024-05-19,2024-03-02 15:00:00+00:00,FINISHED,Everton FC,West Ham United FC,1,3,Away Win,2
2023-08-11,2024-05-19,2024-03-02 15:00:00+00:00,FINISHED,Fulham FC,Brighton & Hove Albion FC,3,0,Home Win,0
2023-08-11,2024-05-19,2024-03-02 15:00:00+00:00,FINISHED,Newcastle United FC,Wolverhampton Wanderers FC,3,0,Home Win,0
2023-08-11,2024-05-19,2024-03-02 15:00:00+00:00,FINISHED,Nottingham Forest FC,Liverpool FC,0,1,Away Win,2
2023-08-11,2024-05-19,2024-03-02 15:00:00+00:00,FINISHED,Tottenham Hotspur FC,Crystal Palace FC,3,1,Home Win,0
2023-08-11,2024-05-19,2024-03-02 17:30:00+00:00,FINISHED,Luton Town FC,Aston Villa FC,2,3,Away Win,2
2023-08-11,2024-05-19,2024-03-03 13:00:00+00:00,FINISHED,Burnley FC,AFC Bournemouth,0,2,Away Win,2
2023-08-11,2024-05-19,2024-03-03 15:30:00+00:00,FINISHED,Manchester City FC,Manchester United FC,3,1,Home Win,0
2023-08-11,2024-05-19,2024-03-04 20:00:00+00:00,FINISHED,Sheffield United FC,Arsenal FC,0,6,Away Win,2
2023-08-11,2024-05-19,2024-03-09 12:30:00+00:00,FINISHED,Manchester United FC,Everton FC,2,0,Home Win,0
2023-08-11,2024-05-19,2024-03-09 15:00:00+00:00,FINISHED,AFC Bournemouth,Sheffield United FC,2,2,Draw,1
2023-08-11,2024-05-19,2024-03-09 15:00:00+00:00,FINISHED,Crystal Palace FC,Luton Town FC,1,1,Draw,1
2023-08-11,2024-05-19,2024-03-09 15:00:00+00:00,FINISHED,Wolverhampton Wanderers FC,Fulham FC,2,1,Home Win,0
2023-08-11,2024-05-19,2024-03-09 17:30:00+00:00,FINISHED,Arsenal FC,Brentford FC,2,1,Home Win,0
2023-08-11,2024-05-19,2024-03-10 13:00:00+00:00,FINISHED,Aston Villa FC,Tottenham Hotspur FC,0,4,Away Win,2
2023-08-11,2024-05-19,2024-03-10 14:00:00+00:00,FINISHED,Brighton & Hove Albion FC,Nottingham Forest FC,1,0,Home Win,0
2023-08-11,2024-05-19,2024-03-10 14:00:00+00:00,FINISHED,West Ham United FC,Burnley FC,2,2,Draw,1
2023-08-11,2024-05-19,2024-03-10 15:45:00+00:00,FINISHED,Liverpool FC,Manchester City FC,1,1,Draw,1
2023-08-11,2024-05-19,2024-03-11 20:00:00+00:00,FINISHED,Chelsea FC,Newcastle United FC,3,2,Home Win,0
2023-08-11,2024-05-19,2024-03-13 19:30:00+00:00,FINISHED,AFC Bournemouth,Luton Town FC,4,3,Home Win,0
2023-08-11,2024-05-19,2024-03-16 15:00:00+00:00,FINISHED,Burnley FC,Brentford FC,2,1,Home Win,0
2023-08-11,2024-05-19,2024-03-16 15:00:00+00:00,FINISHED,Luton Town FC,Nottingham Forest FC,1,1,Draw,1
2023-08-11,2024-05-19,2024-03-16 17:30:00+00:00,FINISHED,Fulham FC,Tottenham Hotspur FC,3,0,Home Win,0
2023-08-11,2024-05-19,2024-03-17 14:00:00+00:00,FINISHED,West Ham United FC,Aston Villa FC,1,1,Draw,1
2023-08-11,2024-05-19,2024-03-30 12:30:00+00:00,FINISHED,Newcastle United FC,West Ham United FC,4,3,Home Win,0
2023-08-11,2024-05-19,2024-03-30 15:00:00+00:00,FINISHED,AFC Bournemouth,Everton FC,2,1,Home Win,0
2023-08-11,2024-05-19,2024-03-30 15:00:00+00:00,FINISHED,Chelsea FC,Burnley FC,2,2,Draw,1
2023-08-11,2024-05-19,2024-03-30 15:00:00+00:00,FINISHED,Nottingham Forest FC,Crystal Palace FC,1,1,Draw,1
2023-08-11,2024-05-19,2024-03-30 15:00:00+00:00,FINISHED,Sheffield United FC,Fulham FC,3,3,Draw,1
2023-08-11,2024-05-19,2024-03-30 15:00:00+00:00,FINISHED,Tottenham Hotspur FC,Luton Town FC,2,1,Home Win,0
2023-08-11,2024-05-19,2024-03-30 17:30:00+00:00,FINISHED,Aston Villa FC,Wolverhampton Wanderers FC,2,0,Home Win,0
2023-08-11,2024-05-19,2024-03-30 20:00:00+00:00,FINISHED,Brentford FC,Manchester United FC,1,1,Draw,1
2023-08-11,2024-05-19,2024-03-31 13:00:00+00:00,FINISHED,Liverpool FC,Brighton & Hove Albion FC,2,1,Home Win,0
2023-08-11,2024-05-19,2024-03-31 15:30:00+00:00,FINISHED,Manchester City FC,Arsenal FC,0,0,Draw,1
2023-08-11,2024-05-19,2024-04-02 18:30:00+00:00,FINISHED,Nottingham Forest FC,Fulham FC,3,1,Home Win,0
2023-08-11,2024-05-19,2024-04-02 18:30:00+00:00,FINISHED,Newcastle United FC,Everton FC,1,1,Draw,1
2023-08-11,2024-05-19,2024-04-02 18:45:00+00:00,FINISHED,AFC Bournemouth,Crystal Palace FC,1,0,Home Win,0
2023-08-11,2024-05-19,2024-04-02 18:45:00+00:00,FINISHED,Burnley FC,Wolverhampton Wanderers FC,1,1,Draw,1
2023-08-11,2024-05-19,2024-04-02 19:15:00+00:00,FINISHED,West Ham United FC,Tottenham Hotspur FC,1,1,Draw,1
2023-08-11,2024-05-19,2024-04-03 18:30:00+00:00,FINISHED,Arsenal FC,Luton Town FC,2,0,Home Win,0
2023-08-11,2024-05-19,2024-04-03 18:30:00+00:00,FINISHED,Brentford FC,Brighton & Hove Albion FC,0,0,Draw,1
2023-08-11,2024-05-19,2024-04-03 19:15:00+00:00,FINISHED,Manchester City FC,Aston Villa FC,4,1,Home Win,0
2023-08-11,2024-05-19,2024-04-04 18:30:00+00:00,FINISHED,Liverpool FC,Sheffield United FC,3,1,Home Win,0
2023-08-11,2024-05-19,2024-04-04 19:15:00+00:00,FINISHED,Chelsea FC,Manchester United FC,4,3,Home Win,0
2023-08-11,2024-05-19,2024-04-06 11:30:00+00:00,FINISHED,Crystal Palace FC,Manchester City FC,2,4,Away Win,2
2023-08-11,2024-05-19,2024-04-06 14:00:00+00:00,FINISHED,Aston Villa FC,Brentford FC,3,3,Draw,1
2023-08-11,2024-05-19,2024-04-06 14:00:00+00:00,FINISHED,Everton FC,Burnley FC,1,0,Home Win,0
2023-08-11,2024-05-19,2024-04-06 14:00:00+00:00,FINISHED,Fulham FC,Newcastle United FC,0,1,Away Win,2
2023-08-11,2024-05-19,2024-04-06 14:00:00+00:00,FINISHED,Luton Town FC,AFC Bournemouth,2,1,Home Win,0
2023-08-11,2024-05-19,2024-04-06 14:00:00+00:00,FINISHED,Wolverhampton Wanderers FC,West Ham United FC,1,2,Away Win,2
2023-08-11,2024-05-19,2024-04-06 16:30:00+00:00,FINISHED,Brighton & Hove Albion FC,Arsenal FC,0,3,Away Win,2
2023-08-11,2024-05-19,2024-04-07 14:30:00+00:00,FINISHED,Manchester United FC,Liverpool FC,2,2,Draw,1
2023-08-11,2024-05-19,2024-04-07 16:30:00+00:00,FINISHED,Sheffield United FC,Chelsea FC,2,2,Draw,1
2023-08-11,2024-05-19,2024-04-07 17:00:00+00:00,FINISHED,Tottenham Hotspur FC,Nottingham Forest FC,3,1,Home Win,0
2023-08-11,2024-05-19,2024-04-13 11:30:00+00:00,FINISHED,Newcastle United FC,Tottenham Hotspur FC,4,0,Home Win,0
2023-08-11,2024-05-19,2024-04-13 14:00:00+00:00,FINISHED,Brentford FC,Sheffield United FC,2,0,Home Win,0
2023-08-11,2024-05-19,2024-04-13 14:00:00+00:00,FINISHED,Burnley FC,Brighton & Hove Albion FC,1,1,Draw,1
2023-08-11,2024-05-19,2024-04-13 14:00:00+00:00,FINISHED,Manchester City FC,Luton Town FC,5,1,Home Win,0
2023-08-11,2024-05-19,2024-04-13 14:00:00+00:00,FINISHED,Nottingham Forest FC,Wolverhampton Wanderers FC,2,2,Draw,1
2023-08-11,2024-05-19,2024-04-13 16:30:00+00:00,FINISHED,AFC Bournemouth,Manchester United FC,2,2,Draw,1
2023-08-11,2024-05-19,2024-04-14 13:00:00+00:00,FINISHED,Liverpool FC,Crystal Palace FC,0,1,Away Win,2
2023-08-11,2024-05-19,2024-04-14 13:00:00+00:00,FINISHED,West Ham United FC,Fulham FC,0,2,Away Win,2
2023-08-11,2024-05-19,2024-04-14 15:30:00+00:00,FINISHED,Arsenal FC,Aston Villa FC,0,2,Away Win,2
2023-08-11,2024-05-19,2024-04-15 19:00:00+00:00,FINISHED,Chelsea FC,Everton FC,6,0,Home Win,0
2023-08-11,2024-05-19,2024-04-20 14:00:00+00:00,FINISHED,Luton Town FC,Brentford FC,1,5,Away Win,2
2023-08-11,2024-05-19,2024-04-20 14:00:00+00:00,FINISHED,Sheffield United FC,Burnley FC,1,4,Away Win,2
2023-08-11,2024-05-19,2024-04-20 18:30:00+00:00,FINISHED,Wolverhampton Wanderers FC,Arsenal FC,0,2,Away Win,2
2023-08-11,2024-05-19,2024-04-21 12:30:00+00:00,FINISHED,Everton FC,Nottingham Forest FC,2,0,Home Win,0
2023-08-11,2024-05-19,2024-04-21 14:00:00+00:00,FINISHED,Aston Villa FC,AFC Bournemouth,3,1,Home Win,0
2023-08-11,2024-05-19,2024-04-21 14:00:00+00:00,FINISHED,Crystal Palace FC,West Ham United FC,5,2,Home Win,0
2023-08-11,2024-05-19,2024-04-21 15:30:00+00:00,FINISHED,Fulham FC,Liverpool FC,1,3,Away Win,2
2023-08-11,2024-05-19,2024-04-23 19:00:00+00:00,FINISHED,Arsenal FC,Chelsea FC,5,0,Home Win,0
2023-08-11,2024-05-19,2024-04-24 18:45:00+00:00,FINISHED,Wolverhampton Wanderers FC,AFC Bournemouth,0,1,Away Win,2
2023-08-11,2024-05-19,2024-04-24 19:00:00+00:00,FINISHED,Crystal Palace FC,Newcastle United FC,2,0,Home Win,0
2023-08-11,2024-05-19,2024-04-24 19:00:00+00:00,FINISHED,Everton FC,Liverpool FC,2,0,Home Win,0
2023-08-11,2024-05-19,2024-04-24 19:00:00+00:00,FINISHED,Manchester United FC,Sheffield United FC,4,2,Home Win,0
2023-08-11,2024-05-19,2024-04-25 19:00:00+00:00,FINISHED,Brighton & Hove Albion FC,Manchester City FC,0,4,Away Win,2
2023-08-11,2024-05-19,2024-04-27 11:30:00+00:00,FINISHED,West Ham United FC,Liverpool FC,2,2,Draw,1
2023-08-11,2024-05-19,2024-04-27 14:00:00+00:00,FINISHED,Fulham FC,Crystal Palace FC,1,1,Draw,1
2023-08-11,2024-05-19,2024-04-27 14:00:00+00:00,FINISHED,Manchester United FC,Burnley FC,1,1,Draw,1
2023-08-11,2024-05-19,2024-04-27 14:00:00+00:00,FINISHED,Newcastle United FC,Sheffield United FC,5,1,Home Win,0
2023-08-11,2024-05-19,2024-04-27 14:00:00+00:00,FINISHED,Wolverhampton Wanderers FC,Luton Town FC,2,1,Home Win,0
2023-08-11,2024-05-19,2024-04-27 16:30:00+00:00,FINISHED,Everton FC,Brentford FC,1,0,Home Win,0
2023-08-11,2024-05-19,2024-04-27 19:00:00+00:00,FINISHED,Aston Villa FC,Chelsea FC,2,2,Draw,1
2023-08-11,2024-05-19,2024-04-28 13:00:00+00:00,FINISHED,AFC Bournemouth,Brighton & Hove Albion FC,3,0,Home Win,0
2023-08-11,2024-05-19,2024-04-28 13:00:00+00:00,FINISHED,Tottenham Hotspur FC,Arsenal FC,2,3,Away Win,2
2023-08-11,2024-05-19,2024-04-28 15:30:00+00:00,FINISHED,Nottingham Forest FC,Manchester City FC,0,2,Away Win,2
2023-08-11,2024-05-19,2024-05-02 18:30:00+00:00,FINISHED,Chelsea FC,Tottenham Hotspur FC,2,0,Home Win,0
2023-08-11,2024-05-19,2024-05-03 19:00:00+00:00,FINISHED,Luton Town FC,Everton FC,1,1,Draw,1
2023-08-11,2024-05-19,2024-05-04 11:30:00+00:00,FINISHED,Arsenal FC,AFC Bournemouth,3,0,Home Win,0
2023-08-11,2024-05-19,2024-05-04 14:00:00+00:00,FINISHED,Brentford FC,Fulham FC,0,0,Draw,1
2023-08-11,2024-05-19,2024-05-04 14:00:00+00:00,FINISHED,Burnley FC,Newcastle United FC,1,4,Away Win,2
2023-08-11,2024-05-19,2024-05-04 14:00:00+00:00,FINISHED,Sheffield United FC,Nottingham Forest FC,1,3,Away Win,2
2023-08-11,2024-05-19,2024-05-04 16:30:00+00:00,FINISHED,Manchester City FC,Wolverhampton Wanderers FC,5,1,Home Win,0
2023-08-11,2024-05-19,2024-05-05 13:00:00+00:00,FINISHED,Brighton & Hove Albion FC,Aston Villa FC,1,0,Home Win,0
2023-08-11,2024-05-19,2024-05-05 13:00:00+00:00,FINISHED,Chelsea FC,West Ham United FC,5,0,Home Win,0
2023-08-11,2024-05-19,2024-05-05 15:30:00+00:00,FINISHED,Liverpool FC,Tottenham Hotspur FC,4,2,Home Win,0
2023-08-11,2024-05-19,2024-05-06 19:00:00+00:00,FINISHED,Crystal Palace FC,Manchester United FC,4,0,Home Win,0
2023-08-11,2024-05-19,2024-05-11 11:30:00+00:00,FINISHED,Fulham FC,Manchester City FC,0,4,Away Win,2
2023-08-11,2024-05-19,2024-05-11 14:00:00+00:00,FINISHED,AFC Bournemouth,Brentford FC,1,2,Away Win,2
2023-08-11,2024-05-19,2024-05-11 14:00:00+00:00,FINISHED,Everton FC,Sheffield United FC,1,0,Home Win,0
2023-08-11,2024-05-19,2024-05-11 14:00:00+00:00,FINISHED,Newcastle United FC,Brighton & Hove Albion FC,1,1,Draw,1
2023-08-11,2024-05-19,2024-05-11 14:00:00+00:00,FINISHED,Tottenham Hotspur FC,Burnley FC,2,1,Home Win,0
2023-08-11,2024-05-19,2024-05-11 14:00:00+00:00,FINISHED,West Ham United FC,Luton Town FC,3,1,Home Win,0
2023-08-11,2024-05-19,2024-05-11 14:00:00+00:00,FINISHED,Wolverhampton Wanderers FC,Crystal Palace FC,1,3,Away Win,2
2023-08-11,2024-05-19,2024-05-11 16:30:00+00:00,FINISHED,Nottingham Forest FC,Chelsea FC,2,3,Away Win,2
2023-08-11,2024-05-19,2024-05-12 15:30:00+00:00,FINISHED,Manchester United FC,Arsenal FC,0,1,Away Win,2
2023-08-11,2024-05-19,2024-05-13 19:00:00+00:00,FINISHED,Aston Villa FC,Liverpool FC,3,3,Draw,1
2023-08-11,2024-05-19,2024-05-14 19:00:00+00:00,FINISHED,Tottenham Hotspur FC,Manchester City FC,0,2,Away Win,2
2023-08-11,2024-05-19,2024-05-15 18:45:00+00:00,FINISHED,Brighton & Hove Albion FC,Chelsea FC,1,2,Away Win,2
2023-08-11,2024-05-19,2024-05-15 19:00:00+00:00,FINISHED,Manchester United FC,Newcastle United FC,3,2,Home Win,0
2023-08-11,2024-05-19,2024-05-19 15:00:00+00:00,FINISHED,Arsenal FC,Everton FC,2,1,Home Win,0
2023-08-11,2024-05-19,2024-05-19 15:00:00+00:00,FINISHED,Brentford FC,Newcastle United FC,2,4,Away Win,2
2023-08-11,2024-05-19,2024-05-19 15:00:00+00:00,FINISHED,Brighton & Hove Albion FC,Manchester United FC,0,2,Away Win,2
2023-08-11,2024-05-19,2024-05-19 15:00:00+00:00,FINISHED,Burnley FC,Nottingham Forest FC,1,2,Away Win,2
2023-08-11,2024-05-19,2024-05-19 15:00:00+00:00,FINISHED,Chelsea FC,AFC Bournemouth,2,1,Home Win,0
2023-08-11,2024-05-19,2024-05-19 15:00:00+00:00,FINISHED,Crystal Palace FC,Aston Villa FC,5,0,Home Win,0
2023-08-11,2024-05-19,2024-05-19 15:00:00+00:00,FINISHED,Liverpool FC,Wolverhampton Wanderers FC,2,0,Home Win,0
2023-08-11,2024-05-19,2024-05-19 15:00:00+00:00,FINISHED,Luton Town FC,Fulham FC,2,4,Away Win,2
2023-08-11,2024-05-19,2024-05-19 15:00:00+00:00,FINISHED,Manchester City FC,West Ham United FC,3,1,Home Win,0
2023-08-11,2024-05-19,2024-05-19 15:00:00+00:00,FINISHED,Sheffield United FC,Tottenham Hotspur FC,0,3,Away Win,2
